,name,spec,price
0,Cottage for holiday let Deux Sevres - PS003844_A,"Bedrooms 4, Sleeps 10, Ratings 1 9.5/10",£550 to £810 pw
1,"Holiday cottage in Briquebec town, Normandy - NM006264","Bedrooms 2, Sleeps 4, Ratings 5 9/10",£275 to £395 pw
2,Holiday let 4km from the Vendée coast - LV004385,"Bedrooms 2, Sleeps 5, Ratings 10 9.6/10",£345 to £645 pw
3,"Stylish 2 bedroom gite to let, rural Dordogne - AD007675","Bedrooms 2, Sleeps 4",£875 to £2950 pw
4,Stunning water Mill to let in Normandy - NM007149,"Bedrooms 3, Sleeps 6, Ratings 2 8.9/10",£735 to £925 pw
5,"Family holiday gite, shared pool, in Dordogne - AD006518","Bedrooms 2, Sleeps 4, Ratings 1 10/10",£650 to £1050 pw
6,Beautiful townhouse to let in Midi Pyrenees - ML007563,"Bedrooms 2, Sleeps 4, Ratings 1 3.7/10",£550 pw
7,"Driftwood, holiday cottage to let in Brittany - BF003359_B","Bedrooms 2, Sleeps 5, Ratings 8 8.8/10",£650 pw
8,Large holiday gite with pool in Charente - PC004341,"Bedrooms 5, Sleeps 12, Ratings 3 9.8/10",£750 to £2095 pw
9,Deux Sevres holiday gite with private pool - PS004928,"Bedrooms 5, Sleeps 10, Ratings 3 9.4/10",£1415 pw
10,"Beautiful Barn for holiday rental, Brittany - BM001294_C","Bedrooms 11, Sleeps 25",£325 to £995 pw
11,Holiday cottage rental nr river in Morbihan - BM004861,"Bedrooms 2, Sleeps 4, Ratings 4 9.8/10",£420 to £693 pw
12,"Holiday gite, shared pool, Brittany - BN007657","Bedrooms 3, Sleeps 6",£1434 to £1684 pw
13,Lovely cottage to let with pool in Dordogne - AD007590,"Bedrooms 3, Sleeps 7",£550 to £1500 pw
14,"Farmhouse & barn conversion to let, Aquitaine - AD007483","Bedrooms 6, Sleeps 12",£1100 to £2400 pw
15,Holiday cottage to let in rural Normandy - NM004628,"Bedrooms 2, Sleeps 4, Ratings 13 10/10",£445 to £495 pw
16,Vendee farmhouse for holiday rental - LV000815,"Bedrooms 3, Sleeps 7, Ratings 15 9.6/10",£425 to £650 pw
17,Self catering holiday let in Saint Sigismond - LL000662A,"Bedrooms 3, Sleeps 7, Ratings 19 9.8/10",£390 to £510 pw
18,"Beautiful converted haybarn to let, Normandy - NC003810","Bedrooms 3, Sleeps 5, Ratings 2 10/10",£400 to £600 pw
19,Spacious barn to let in Aquitaine village - AD004570,"Bedrooms 2, Sleeps 4, Ratings 1 10/10",£375 to £400 pw
20,Holiday cottage with private lake in Brittany - BM004208,"Bedrooms 2, Sleeps 5, Ratings 8 10/10",£355 to £545 pw
21,Spacious holiday gite with pool near Brantome - AD006978,"Bedrooms 4, Sleeps 10, Ratings 3 9.8/10",£900 to £1550 pw
22,Gite for holiday rental in Brittany - BM003605,"Bedrooms 3, Sleeps 7, Ratings 3 9.1/10",£400 to £695 pw
23,Gite complex in Lussais village with pool - PS004520_B,"Bedrooms 10, Sleeps 22, Ratings 3 9.6/10",£455 to £1350 pw
24,"Lovely millhouse with pool, Charente Maritime - PM006126","Bedrooms 3, Sleeps 7, Ratings 2 10/10",£695 to £1850 pw
25,Holiday cottage & pool to let nr Pont-Aven - BF002047_D,"Bedrooms 3, Sleeps 6, Ratings 8 9.7/10",£425 to £1225 pw
26,"Converted barn holiday rental, Maine et Loire - LL004127_A","Bedrooms 6, Sleeps 13, Ratings 13 10/10",£380 to £560 pw
27,Pretty gite to let in Charente Maritime - PM006099,"Bedrooms 2, Sleeps 6, Ratings 5 9.9/10",£550 to £980 pw
28,"Large holiday house with pool, Midi Pyrenees - MG005943","Bedrooms 4, Sleeps 8",£950 pw
29,Holiday let for 4 with pool in Aquitaine - AT005210,"Bedrooms 2, Sleeps 4, Ratings 15 10/10",£530 to £1050 pw
30,Cottage for holiday rental Loire Atlantique - LA003049,"Bedrooms 2, Sleeps 4, Ratings 4 10/10",£301 to £553 pw
31,Holiday gite with pool in Charente Maritime - PM004772,"Bedrooms 2, Sleeps 5, Ratings 7 10/10",£800 to £1100 pw
32,Stylish 4* gite with pool in Lot et Garonne - AL006956,"Bedrooms 2, Sleeps 5, Ratings 2 9.3/10",£850 to £1000 pw
33,Old stone gite with secure garden near Ruffec - PC004825,"Bedrooms 1, Sleeps 2, Ratings 6 9.8/10",£190 to £380 pw
34,Holiday rental with heated pool in Brittany - BM003140,"Bedrooms 3, Sleeps 6, Ratings 2 8.9/10",£650 to £865 pw
35,Rustic holiday house in Languedoc - RH006494,"Bedrooms 2, Sleeps 5",£350 pw
36,Holiday let with pool in rural Dordogne - AD005045,"Bedrooms 3, Sleeps 8",£625 to £975 pw
37,Cottage for holiday rental Dordogne - AD003068,"Bedrooms 2, Sleeps 4",£335 to £395 pw
38,"Perigordian stone cottage to let, Aquitaine - AD007476_A","Bedrooms 2, Sleeps 4",£560 to £900 pw
39,Cosy gite in rural Dordogne with pool - AD006297,"Bedrooms 2, Sleeps 4, Ratings 1 8.7/10",£475 to £700 pw
40,Holiday property for rental nr La Rochelle - LV002863_A,"Bedrooms 4, Sleeps 11, Ratings 3 8.9/10",€850 to €1500 pw
41,Gite to let in rural Normandy - NM004660,"Bedrooms 2, Sleeps 4, Ratings 11 9.8/10",£434 to £534 pw
42,"Holiday Gite to let in Curzon, Vendee - LV006047","Bedrooms 3, Sleeps 6, Ratings 1 9.7/10",£550 to £775 pw
43,Gite for holiday rental in Western Loire - LS004063,"Bedrooms 3, Sleeps 6",£950 pw
44,"Large townhouse to let with pool, Limousin - UH007345","Bedrooms 6, Sleeps 12",£1250 to £2000 pw
45,Barn Conversion with Pool near Marennes - PM004424,"Bedrooms 5, Sleeps 7",£756 to £2240 pw
46,Gite in Limousin for holiday rental - US004409,"Bedrooms 1, Sleeps 2, Ratings 2 10/10",£325 to £375 pw
47,Luxury Holiday House in rural Western Loire - LM006214,"Bedrooms 5, Sleeps 15",£2441 to £2560 pw
48,Peaceful gite to let in Charente Maritime - PM005713,"Bedrooms 3, Sleeps 8",£1050 pw
49,Luxury holiday gite in the Lot - ML005343,"Bedrooms 2, Sleeps 4, Ratings 3 9.8/10",£700 to £1036 pw
50,Large holiday gite & pool in rural Aquitaine - AT005499,"Bedrooms 4, Sleeps 10, Ratings 1 9.7/10",£1680 pw
51,"Large house to let, centre of Salies de Bearn - AP007322","Bedrooms 5, Sleeps 11",£725 to £995 pw
52,Holiday house next to Canal du Midi Languedoc - RA005470,"Bedrooms 4, Sleeps 8, Ratings 1 9.5/10",£1200 to £2180 pw
53,"Large holiday let, private pool, nr Toulouse - MN006050","Bedrooms 5, Sleeps 12",£1500 to £1750 pw
54,"Large Converted Barn for 10, to let nr Saumur - PV007250","Bedrooms 4, Sleeps 10",£965 to £1900 pw
55,Holiday gite with private pool in Aveyron - MV006627,"Bedrooms 4, Sleeps 8, Ratings 2 9.9/10",£750 to £1500 pw
56,Holiday Gites to let Brittany/Normandy border - BI006216,"Bedrooms 6, Sleeps 15",£850 to £2450 pw
57,Spacious holiday gite shared pool near Auch - MG006558,"Bedrooms 2, Sleeps 5",£460 to £760 pw
58,Spacious gite on complex in Charente Maritime - PM005284,"Bedrooms 3, Sleeps 7",£350 to £1000 pw
59,Large holiday let in rural Normandy Manche - NM005429,"Bedrooms 3, Sleeps 6, Ratings 1 9.5/10",£560 pw
60,Gite for rental in Western Loire - LS004062,"Bedrooms 1, Sleeps 4",£595 pw
61,Holiday cottages/apartments to let nr Benodet - BF000236_J,"Bedrooms 18, Sleeps 37",€480 to €1010 pw
62,Holiday cottage in rural Aquitaine with pool - AD005091,"Bedrooms 2, Sleeps 4, Ratings 1 9.7/10",£650 to £900 pw
63,"Renovated cottage in Cotes d'Armor, Brittany - BN003437","Bedrooms 1, Sleeps 4, Ratings 4 9.8/10",£350 to £570 pw
64,Converted Barn in rural village in Normandy - NM003341,"Bedrooms 2, Sleeps 4, Ratings 3 9.5/10",£545 pw
65,Self catering farmhouse and pool Brittany - BF000872_A,"Bedrooms 6, Sleeps 12",£515 to £1575 pw
66,Holiday cottage easy access River Auvezere - AD003413,"Bedrooms 2, Sleeps 4, Ratings 3 9.5/10",£445 to £545 pw
67,"Luxury holiday farmhouse with pool, Normandy - NM001949_E","Bedrooms 3, Sleeps 6",€650 to €1200 pw
68,Well equipped gite for holidays in Dordogne - AD004887,"Bedrooms 3, Sleeps 7, Ratings 7 9.7/10",£1505 pw
69,"Stunning gite to let with pool, Midi Pyrenees - MT007464","Bedrooms 1, Sleeps 2",£300 to £595 pw
70,Holiday home near Ploermel (10km) - BM002847,"Bedrooms 6, Sleeps 14",£2950 pw
71,Cosy holiday gite rental for 2 in Poullignac - PC007522,"Bedrooms 1, Sleeps 2",£500 to £700 pw
72,Holiday gite in Normandy near St Mere Eglise - NM006333,"Bedrooms 3, Sleeps 7, Ratings 2 10/10",£525 to £690 pw
73,Holiday let with pool in rural Maine et Loire - LL005165_A,"Bedrooms 6, Sleeps 12",£895 to £1595 pw
74,Holiday let with pool in rural Western Loire - LL005072_D,"Bedrooms 4, Sleeps 9, Ratings 2 10/10",€975 to €1350 pw
75,Stone farm cottage to let in rural Dordogne - AD003550,"Bedrooms 1, Sleeps 4, Ratings 2 9.3/10",£455 to £565 pw
76,Lovely farmhouse with a pool to let in Matha - PM007654,"Bedrooms 4, Sleeps 8",£1100 to £2000 pw
77,Lovely gite to let with a pool in Boutenac - PM007699,"Bedrooms 2, Sleeps 4",£550 to £1200 pw
78,Holiday gite to let in Brittany - BN002919_B,"Bedrooms 2, Sleeps 4, Ratings 9 9.7/10",€515 to €1070 pw
79,Pretty renovated stone cottage near Rance - BN004882,"Bedrooms 2, Sleeps 4, Ratings 2 9.6/10",£420 to £735 pw
80,"Large farmhouse to let, private lake Calvados - NC004354_A","Bedrooms 5, Sleeps 10, Ratings 1 10/10",€1050 pw
81,Charming rural gite to let in Loire Valley - VR006437,"Bedrooms 3, Sleeps 6, Ratings 6 10/10",£750 to £900 pw
82,Renovated barn on family run farm near Ruffec - PC004849,"Bedrooms 2, Sleeps 5, Ratings 4 10/10",£175 to £730 pw
83,"Large holiday let with private pool, Dordogne - AD005635_B","Bedrooms 10, Sleeps 20",£499 to £1599 pw
84,"Character Cottage to let, Nord Pas de Calais - DP006882","Bedrooms 3, Sleeps 6, Ratings 1 10/10",£434 to £784 pw
85,Beautiful stone house in Charente Maritime - PM006532,"Bedrooms 4, Sleeps 9, Ratings 3 9.9/10",£900 to £1650 pw
86,Gite to rent for Vienne holiday Montmorillon - PV002079_A,"Bedrooms 1, Sleeps 2",£250 to £350 pw
87,Holiday house for rental in Brittany - BM003301,"Bedrooms 3, Sleeps 6, Ratings 2 9.8/10",£899 to £1600 pw
88,Pretty medieval house to let in Aquitaine - AD007203,"Bedrooms 2, Sleeps 4",£450 to £575 pw
89,Holiday cottage with pool in rural Aquitaine - AT005038_C,"Bedrooms 2, Sleeps 5",€850 to €1595 pw
90,Characterful cottage to let in Deux Sevres - PS006701,"Bedrooms 3, Sleeps 6",£325 to £795 pw
91,Spacious gite to let for holidays in Brittany - BN005430,"Bedrooms 4, Sleeps 9, Ratings 2 8.3/10",£730 to £1625 pw
92,Farmhouse holiday rental 10km Avranches - NM002894,"Bedrooms 3, Sleeps 8, Ratings 13 9.7/10",£850 pw
93,Large gite to let on complex in Charente - PC006033_B,"Bedrooms 14, Sleeps 30",£560 to £1456 pw
94,Holiday cottage near Josselin - BM005743,"Bedrooms 3, Sleeps 6, Ratings 2 9.7/10",£499 to £614 pw
95,Traditional farmhouse gite to let in Charente - PC006470,"Bedrooms 2, Sleeps 4, Ratings 1 9.5/10",£400 to £532 pw
96,"Large holiday cottage with pool, Dordogne - AD004314","Bedrooms 4, Sleeps 10",£920 to £1800 pw
97,"Holiday cottage in peaceful setting, Brittany - BN007283","Bedrooms 3, Sleeps 6",£680 pw
98,Holiday gite with pool in rural Dordogne - AD005631,"Bedrooms 3, Sleeps 5",£850 to £950 pw
99,Lovely gite to let with a pool in Deux Sevres - PS007613,"Bedrooms 3, Sleeps 12",£2500 pw
100,"Hoiliday house, pool, Provence - CV007562","Bedrooms 2, Sleeps 5",£1280 to £2000 pw
101,Holiday gite in Brittany - BM005945,"Bedrooms 3, Sleeps 6, Ratings 5 10/10",£525 to £630 pw
102,"Holiday cottage, heated pool, Loire Valley - VI005842","Bedrooms 4, Sleeps 9, Ratings 4 10/10",£1800 to £2800 pw
103,Holiday let in Maine et Loire with large pool - LL004530,"Bedrooms 3, Sleeps 6, Ratings 2 10/10",£700 to £1550 pw
104,Holiday Gite in rural Deux Sevres with pool - PS007235,"Bedrooms 2, Sleeps 4, Ratings 2 9.6/10",£415 to £610 pw
105,Lovely cottage to let near Mont St Michel - BI005695,"Bedrooms 4, Sleeps 8",£700 pw
106,Tranquil barn for holidays in Aquitaine - AT007354,"Bedrooms 4, Sleeps 8, Ratings 4 10/10",£1000 to £1650 pw
107,Holiday gite with pool in rural Dordogne - AD006864,"Bedrooms 3, Sleeps 6, Ratings 4 10/10",£1375 to £2950 pw
108,Luxury holiday let near St Sauveur le Vicomt - NM001949_B,"Bedrooms 1, Sleeps 2",€500 to €600 pw
109,Gite to rent for Vienne holiday Montmorillon - PV002079_A,"Bedrooms 1, Sleeps 2",£250 to £350 pw
110,Lovely 1 bedroom gite to let in Aquitaine - AD004356_D,"Bedrooms 1, Sleeps 2",£300 to £600 pw
111,Holiday cottage in scenic Normandy - NC007548,"Bedrooms 2, Sleeps 4, Ratings 1 10/10",£360 to £810 pw
112,Holiday cottage with shared pool nr Poitiers - PV005062,"Bedrooms 1, Sleeps 2, Ratings 2 9.8/10",£371 to £567 pw
113,"Large house to let in Côtes-d'Armor, Brittany - BN007344","Bedrooms 3, Sleeps 8",£634 to £734 pw
114,"Beautiful gite in rural setting, Normandy - NM003414","Bedrooms 1, Sleeps 3, Ratings 17 10/10",£420 to £490 pw
115,Gite to let on manor estate holiday complex - NM004601,"Bedrooms 3, Sleeps 6",£1073 to £1498 pw
116,Holiday gite for 6 with pool in Charente - PC007261,"Bedrooms 3, Sleeps 6, Ratings 1 9.3/10",£420 to £875 pw
117,"Beautiful stone gite with views, nr Montendre - PM006863","Bedrooms 3, Sleeps 6, Ratings 1 10/10",£2000 to £2200 pw
118,"Holiday Gite to let in Curzon, Vendee - LV006047","Bedrooms 3, Sleeps 6, Ratings 1 9.7/10",£550 to £775 pw
119,Holiday cottage for rental in Brittany - BN002739_A,"Bedrooms 5, Sleeps 14, Ratings 4 9.7/10",£500 to £1450 pw
120,Cottage for rent in Calvados - sleeps 9 - NC003927,"Bedrooms 3, Sleeps 8",£550 to £1250 pw
121,Cottage for holiday let Vendee - LV003510,"Bedrooms 2, Sleeps 4, Ratings 2 10/10",£655 to £865 pw
122,Rural Cottage with pool to let in Charentes - PC006190,"Bedrooms 3, Sleeps 7",£684 to £854 pw
123,Holiday let & pool Loire Valley - VI004218_C,"Bedrooms 2, Sleeps 4",£495 to £945 pw
124,Holiday gite with pool in Dordogne vineyard - AD005984,"Bedrooms 3, Sleeps 8, Ratings 3 9.9/10",€560 to €1400 pw
125,"Cosy Gite for 2 with shared pool, Deux Sevres - PS007425","Bedrooms 1, Sleeps 2, Ratings 1 8.8/10",£420 to £460 pw
126,Luxury holiday let near St Sauveur le Vicomt - NM001949_C,"Bedrooms 2, Sleeps 5",€550 to €1000 pw
127,Holiday gite with pool on the Tarn border - MV005828,"Bedrooms 2, Sleeps 5, Ratings 9 9.9/10",£455 to £785 pw
128,"Converted Barn to let in Vanzay, Deux Sevres - PS003844_B","Bedrooms 2, Sleeps 4",£550 to £810 pw
129,"Luxury 4* self catering holiday cottage, pool - PC003756","Bedrooms 2, Sleeps 4, Ratings 8 9.8/10",£995 to £1195 pw
130,Spacious farmhouse & private pool near Jonzac - PM006802,"Bedrooms 6, Sleeps 15",£1295 to £2550 pw
131,Holiday gite in rural Normandy Manche - NM006168,"Bedrooms 2, Sleeps 6, Ratings 3 9.8/10",£595 to £650 pw
132,Self catering gite in rural Western Loire - LS003541,"Bedrooms 2, Sleeps 4, Ratings 1 10/10",£449 to £999 pw
133,Holiday cottage with pool in rural Normandy - NM005770,"Bedrooms 2, Sleeps 4, Ratings 1 10/10",£695 pw
134,Luxury holiday let near St Sauveur le Vicomt - NM001949_D,"Bedrooms 3, Sleeps 5",€600 to €1100 pw
135,"Family gite with pool, Charente Maritime - PM005793_A","Bedrooms 3, Sleeps 6",£600 to £1300 pw
136,"Large family house to let, Charente Maritime - PM005585","Bedrooms 7, Sleeps 16, Ratings 5 9.6/10",£1600 to £2750 pw
137,Holiday let in gite complex near Carlux - AD004978,"Bedrooms 1, Sleeps 4",£320 to £700 pw
138,"Large holiday let with private pool, Dordogne - AD005635_B","Bedrooms 4, Sleeps 8",£599 to £1599 pw
139,Rural cottage to let in Calvados - Normandy - NC004398,"Bedrooms 3, Sleeps 8, Ratings 2 9.7/10",£550 pw
140,Family gite accommodation nr St Jean-d'Angély - PM002197_C,"Bedrooms 3, Sleeps 6, Ratings 1 10/10",£675 to £1250 pw
141,Holiday gite for rental in Brittany - BN000450_A,"Bedrooms 8, Sleeps 15",£260 to £590 pw
142,"Holiday let with pool, Charente Maritime - PM002756_C","Bedrooms 2, Sleeps 6, Ratings 1 10/10",£650 to £1160 pw
143,Holiday cottage in Brittany - BM006923,"Bedrooms 3, Sleeps 6",£700 pw
144,Holiday gite for 6 with pool near Riberac - AD006496_B,"Bedrooms 3, Sleeps 6",£600 to £950 pw
145,"Holiday gite & pool, fishing lake, Limousin - UH004639","Bedrooms 2, Sleeps 6, Ratings 2 9.6/10",£475 to £675 pw
146,A Holiday cottage to rent Jugon les Lacs - BN007357,"Bedrooms 2, Sleeps 4",£400 to £675 pw
147,Barn Conversion with Pool near Marennes - PM004424,"Bedrooms 5, Sleeps 7",£756 to £2240 pw
148,Holiday gite for 2 in Limousin - US005241,"Bedrooms 1, Sleeps 2",£475 pw
149,"Pretty holiday cottage, shared pool nr Dinan - BN005417","Bedrooms 2, Sleeps 5, Ratings 1 10/10",£265 to £590 pw
150,"Cosy barn to let with private pool, Aquitaine - AD007468","Bedrooms 1, Sleeps 2, Ratings 1 10/10",£630 to £700 pw
151,Holiday cottage in Brittany - BM006911,"Bedrooms 3, Sleeps 6",£500 to £850 pw
152,Large holiday farmhouses with pool nr Le Lude - LS005060,"Bedrooms 8, Sleeps 18, Ratings 10 9.5/10",£1600 to £3540 pw
153,Lovely gite and pool for holidays in Coulon - PS005265_A,"Bedrooms 4, Sleeps 10, Ratings 2 10/10",£1285 to £1665 pw
154,Gite in Ruffec walk to restaurants/shops/bars - PC003815,"Bedrooms 2, Sleeps 4, Ratings 10 9.3/10",£895 to £1095 pw
155,"Large gite to let on rural complex, Dordogne - AD007295","Bedrooms 6, Sleeps 12",£990 to £2300 pw
156,Holiday Gite for 4 with pool nr Le Mans - LS007009,"Bedrooms 2, Sleeps 4",£525 to £1100 pw
157,Stunning barn conversion to let in Charente - PC006609,"Bedrooms 1, Sleeps 2, Ratings 1 9.8/10",£450 to £600 pw
158,Holiday let with pool in rural Western Loire - LL005072_D,"Bedrooms 4, Sleeps 9, Ratings 2 10/10",€975 to €1350 pw
159,Holiday farmhouse by the coast in Arvert - PM006950,"Bedrooms 4, Sleeps 8",£1500 to £2600 pw
160,"Three bed gite to let, pool, Western Loire - LV007625","Bedrooms 3, Sleeps 8",£560 to £1250 pw
161,"Quercy style gite to let, pool, Midi Pyrenees - ML007550","Bedrooms 1, Sleeps 2",£200 to £450 pw
162,18th Century farmhouse to let in Brittany - BI005304,"Bedrooms 5, Sleeps 10, Ratings 2 10/10",£600 to £1100 pw
163,Holiday cottage with large pool near Matha - PM004717,"Bedrooms 2, Sleeps 4",£225 to £725 pw
164,"Lovely small house, waters edge, Crozon - BF002860_D","Bedrooms 2, Sleeps 4",£351 to £711 pw
165,"Barn conversion & pool to let, Midi Pyrenees - MA007469","Bedrooms 3, Sleeps 6",£364 to £1685 pw
166,"Holiday complex, pool and bar near Lamballe - BN002848_A","Bedrooms 23, Sleeps 50",€750 to €2600 pw
167,"Converted farmhouse with pool to let, Pillac - PC005628","Bedrooms 3, Sleeps 6, Ratings 2 9.9/10",£880 to £1484 pw
168,Large holiday gite in rural Aquitaine - AT005900,"Bedrooms 3, Sleeps 6, Ratings 9 9.9/10",£575 to £1450 pw
169,Spacious gite on small complex near Cognac - PC006970,"Bedrooms 3, Sleeps 6",£1026 to £1500 pw
170,"Cottage with pool to let nr Le Mans, Loire - LS006939","Bedrooms 3, Sleeps 6",£575 to £1200 pw
171,"Family gite with pool, Charente Maritime - PM005793_B","Bedrooms 3, Sleeps 7, Ratings 2 8.8/10",£650 to £1350 pw
172,"Holiday complex, pool and bar near Lamballe - BN002848_H","Bedrooms 2, Sleeps 4",€800 to €1800 pw
173,Holiday cottage for rental nr Locmine - BM002322,"Bedrooms 4, Sleeps 8",£420 to £700 pw
174,Beautiful cottage to let in scenic Burgundy - GC007558,"Bedrooms 2, Sleeps 4",£550 to £650 pw
175,"3 Properties & private pool to let, Limousin - UH007644","Bedrooms 9, Sleeps 20",£2528 to £3327 pw
176,"Beautiful gite with shared pool to let, Aude - RA006797","Bedrooms 2, Sleeps 4",£735 to £1055 pw
177,Cottage for holiday let St Jean-d'Angély - PM002399_A,"Bedrooms 20, Sleeps 40",£850 to £1650 pw
178,"Romantic holiday cottage nr Richelieu, Loire - PV004503","Bedrooms 2, Sleeps 4, Ratings 4 10/10",£795 to £895 pw
179,Lovely holiday home by the sea in Normandy - NM005940,"Bedrooms 3, Sleeps 8, Ratings 1 10/10",£500 to £770 pw
180,Bargain family gite holiday for 6 SW France - PC006059,"Bedrooms 3, Sleeps 6, Ratings 3 9.9/10",£350 to £1234 pw
181,Holiday let in rural Vendee orchard setting - LV004879,"Bedrooms 2, Sleeps 5",£300 to £525 pw
182,"Holiday gite with pool, rural Aquitaine - AT005500","Bedrooms 2, Sleeps 4, Ratings 1 9.2/10",£1350 pw
183,Holiday house for rental in Brittany - BM003301,"Bedrooms 3, Sleeps 6, Ratings 2 9.8/10",£899 to £1600 pw
184,Country farmhouse for rent in the Vendee - LV004034,"Bedrooms 4, Sleeps 8, Ratings 2 9.6/10",£850 to £1050 pw
185,Holiday cottage for rental nr Locmine - BM002322,"Bedrooms 4, Sleeps 8",£420 to £700 pw
186,Holiday cottage with pool in Normandy village - NM005349,"Bedrooms 3, Sleeps 5, Ratings 3 9.8/10",£500 to £875 pw
187,La Ferme holiday home to let Ploerdut - BM001005_E,"Bedrooms 3, Sleeps 12",£942 to £1035 pw
188,Rural watermill to let in Dordogne village - AD004466_A,"Bedrooms 3, Sleeps 6, Ratings 2 9.6/10",€808 to €1156 pw
189,Holiday farmhouse to let in rural Normandie - NM004609,"Bedrooms 4, Sleeps 7",£525 to £550 pw
190,"Holiday gite with private pool, Dordogne - AD004551","Bedrooms 3, Sleeps 6",£1030 to £1550 pw
191,Holiday gite in Brittany - BN006613,"Bedrooms 3, Sleeps 6, Ratings 15 9.9/10",£515 to £785 pw
192,Rural Cottage with pool to let in Charentes - PC006190,"Bedrooms 3, Sleeps 7",£684 to £854 pw
193,Holiday cottage & pool to let nr Pont-Aven - BF002047_F,"Bedrooms 20, Sleeps 40, Ratings 10 9.8/10",£295 to £1425 pw
194,Renovated Gite with shared pool near Riberac - PC004846_C,"Bedrooms 3, Sleeps 6, Ratings 3 9.6/10",£510 to £920 pw
195,Townhouse to let St Savinen Charente Maritime - PM007336,"Bedrooms 4, Sleeps 8",£795 to £1200 pw
196,Holiday house to let in central Brittany - BM006726,"Bedrooms 3, Sleeps 5",£734 pw
197,Holiday Gite to let in Plestin les Greves - BN000432_E,"Bedrooms 3, Sleeps 8",£1000 pw
198,Windmill to rent for holidays in Gironde - AG000278,"Bedrooms 1, Sleeps 2",£2000 to £2500 pw
199,Peaceful gite to let in Poitou Charentes - PV004224,"Bedrooms 2, Sleeps 4, Ratings 5 10/10",£452 to £833 pw
200,Holiday Cottage for 2 in central Brittany - BN006258,"Bedrooms 1, Sleeps 2, Ratings 1 9.2/10",£449 to £554 pw
201,Cottage to let nr to the coast in Brittany - BF007082,"Bedrooms 2, Sleeps 4, Ratings 2 10/10",£450 to £650 pw
202,One of 4 gites for holiday let Vendee - LV003559_B,"Bedrooms 4, Sleeps 9, Ratings 5 9.8/10",£850 to £1800 pw
203,"Holiday gite for couples, Tremolat, Dordogne - AD005942","Bedrooms 1, Sleeps 2, Ratings 2 9.6/10",£495 to £895 pw
204,Gite complex in Lussais village with pool - PS004520_D,"Bedrooms 3, Sleeps 6, Ratings 1 9.2/10",£550 to £1275 pw
205,"Holiday let with shared pool, rural Normandy - NC005111","Bedrooms 1, Sleeps 2, Ratings 11 10/10",£509 to £559 pw
206,"Beautiful gite with shared pool to let, Aude - RA006797","Bedrooms 2, Sleeps 4",£735 to £1055 pw
207,Large family gite to let near Sarlat - AD006924,"Bedrooms 3, Sleeps 8",£550 to £1200 pw
208,"Three bed gite to let, pool, Western Loire - LV007625","Bedrooms 3, Sleeps 8",£560 to £1250 pw
209,"Luxury riverside holiday cottage, Aquitaine - AD004681","Bedrooms 4, Sleeps 8, Ratings 1 10/10",£980 to £1950 pw
210,Holiday cottage with private pool in Brittany - BN007520,"Bedrooms 4, Sleeps 7",£550 to £800 pw
211,Gite to let in Chateau grounds in Serrigny - GY006453,"Bedrooms 3, Sleeps 6",£800 pw
212,Rustic holiday house in Languedoc - RH006494,"Bedrooms 2, Sleeps 5",£350 pw
213,"Large gite to let, private pool, Aquitaine - AP007323","Bedrooms 4, Sleeps 7",£500 to £1100 pw
214,"Large holiday let with private pool, Dordogne - AD005635_B","Bedrooms 4, Sleeps 8",£599 to £1599 pw
215,"Lovely house with private pool, Aquitaine - AT006019","Bedrooms 3, Sleeps 6, Ratings 2 10/10",£1995 to £2500 pw
216,Holiday cottage to let in Midi Pyrenees - MT005985,"Bedrooms 2, Sleeps 4, Ratings 2 9.2/10",£350 to £650 pw
217,Holiday gite in Brittany - BM006084,"Bedrooms 2, Sleeps 4",£370 to £500 pw
218,"Holiday gite in Brittany, shared pool - BI003636_A","Bedrooms 1, Sleeps 2, Ratings 4 9.9/10",£300 to £400 pw
219,"Renovated breton cottage to let, Finistère - BF004245","Bedrooms 2, Sleeps 6, Ratings 2 9.7/10",£250 to £380 pw
220,"Luxury large Gite, heated indoor pool, Loire - LA005906","Bedrooms 5, Sleeps 10",£1695 pw
221,Traditional holiday cottage to let near Lot - ML003980,"Bedrooms 3, Sleeps 6, Ratings 1 10/10",£630 to £990 pw
222,Beautiful self catering holiday home nr Gers - MG003955,"Bedrooms 3, Sleeps 8",£650 to £1150 pw
223,"Large farmhouse to let, private lake Calvados - NC004354_A","Bedrooms 5, Sleeps 10, Ratings 1 10/10",€1050 pw
224,Lovely Cottages To Let In Normandy - NM007227_A,"Bedrooms 6, Sleeps 10",€525 to €1120 pw
225,"Family friendly gite & pool to let, Aquitaine - AD007482","Bedrooms 4, Sleeps 8",£400 to £1550 pw
226,Beautiful holiday cottage with pool nr Aulnay - PM004780,"Bedrooms 5, Sleeps 14",£1200 to £1995 pw
227,Holiday gite to rent near Benodet 6km - BF000361_B,"Bedrooms 2, Sleeps 4, Ratings 2 9.2/10",£375 to £575 pw
228,Restored Water Mill to let in Deux Sevres - PS005964,"Bedrooms 3, Sleeps 6, Ratings 2 10/10",£495 to £1395 pw
229,"Grand house to let, private pool, Aquitaine - AD007223","Bedrooms 4, Sleeps 10",£1000 pw
230,Spacious farmhouse to let in rural Aquitaine - AG006003,"Bedrooms 5, Sleeps 12, Ratings 4 9.5/10",£1575 to £2300 pw
231,La Feuille Verte gite for rental in Brittany - BI002570_C,"Bedrooms 2, Sleeps 4",€580 to €975 pw
232,Holiday gite with pool in rural Dordogne - AD005978,"Bedrooms 4, Sleeps 9, Ratings 2 7.2/10",£665 to £1610 pw
233,"Holiday gite with pool, Midi Pyrenees - MH007693","Bedrooms 2, Sleeps 4",£700 pw
234,Self catering holiday cottage in Brittany - BI003960_B,"Bedrooms 1, Sleeps 3",£375 to £400 pw
235,Charming holiday cottage to let on Ile de Re - PM006898,"Bedrooms 1, Sleeps 4",£780 to £1400 pw
236,Holiday cottage with pool in Western Loire - LV006634_B,"Bedrooms 4, Sleeps 8, Ratings 2 10/10",£476 to £1183 pw
237,Cottage to let in rural Normandy - NM004194,"Bedrooms 2, Sleeps 4, Ratings 2 10/10",£285 to £585 pw
238,Luxury cottage centre of Pontrieux Brittany - BN005392,"Bedrooms 2, Sleeps 4, Ratings 9 10/10",£550 to £620 pw
239,Cottage for holiday rental Mayenne - LM003213,"Bedrooms 2, Sleeps 4, Ratings 7 8.9/10",£420 pw
240,"Holiday gite with pool in Correze, Limousin - UO004255","Bedrooms 3, Sleeps 10, Ratings 1 10/10",£764 to £1021 pw
241,Lovely Holiday Gite in rural Normandy - NM007389,"Bedrooms 3, Sleeps 6",£434 to £634 pw
242,"Cottage to let on 5 acre land, Midi Pyrenees - ML007418","Bedrooms 1, Sleeps 4",£550 to £700 pw
243,"Property to let, private heated pool, Loire V - VE004172","Bedrooms 5, Sleeps 8, Ratings 3 9.2/10",£1175 to £1540 pw
244,Stylish rural gite to let in Poitou Charentes - PM006368,"Bedrooms 2, Sleeps 4, Ratings 1 9/10",£1300 to £1600 pw
245,"Holiday Gite, Stunning Views of The Dordogne - AD006479","Bedrooms 2, Sleeps 6, Ratings 1 9.7/10",£590 to £750 pw
246,Holiday gites with pool for rental Dordogne - AD000161_G,"Bedrooms 3, Sleeps 6",£440 to £990 pw
247,Family gite to let in Charente Maritime - PM006648_C,"Bedrooms 2, Sleeps 4",£300 to £950 pw
248,Two bedroom holiday gite near Eymet - AT006593,"Bedrooms 2, Sleeps 4",£660 to £890 pw
249,Gite to let Grandcamp-Maisy nr D-Day Beaches - NC006156,"Bedrooms 3, Sleeps 5, Ratings 5 9.9/10",€550 to €850 pw
250,Holiday Farmhouse nr Aubeterre sur Drone - PC007461,"Bedrooms 3, Sleeps 8",£900 to £1200 pw
251,Holiday gite to let in Brittany - BN002919_D,"Bedrooms 3, Sleeps 8, Ratings 2 9.3/10",€770 to €1580 pw
252,Gite to let with shared pool in Brittany - BM004144,"Bedrooms 4, Sleeps 6",£616 to £720 pw
253,Holiday let for 2 with pool in Aquitaine - AT004947,"Bedrooms 1, Sleeps 2, Ratings 1 10/10",£300 to £425 pw
254,Cosy Holiday Cottage for 2 in Loire Valley - VE006639,"Bedrooms 1, Sleeps 2",£195 to £295 pw
255,Stunning barn conversion to let in Charente - PC006609,"Bedrooms 1, Sleeps 2, Ratings 1 9.8/10",£450 to £600 pw
256,"Lovely barn for family holidays, Deux Sevres - PS005596","Bedrooms 4, Sleeps 8",£1050 to £1505 pw
257,Holiday cottage in Brittany - BN006745,"Bedrooms 2, Sleeps 4",£250 to £425 pw
258,"Farmhouse to let with private pool, Aquitaine - AD007398","Bedrooms 4, Sleeps 8",£650 to £1225 pw
259,"Gite to rent Calvados, self catering holiday - NC004010","Bedrooms 2, Sleeps 4, Ratings 32 9.9/10",£629 to £689 pw
260,"Lovely millhouse with pool, Charente Maritime - PM006126","Bedrooms 3, Sleeps 7, Ratings 2 10/10",£695 to £1850 pw
261,2 bedroom gite on Manor ground in Normandy - NM004907_A,"Bedrooms 3, Sleeps 7, Ratings 6 9.9/10",£295 to £649 pw
262,Luxury gite with shared pool to let nr Cognac - PM005505,"Bedrooms 2, Sleeps 4",£540 to £865 pw
263,Holiday cottages/apartments to let nr Benodet - BF000236_I,"Bedrooms 2, Sleeps 5",€540 to €960 pw
264,"Pretty holiday Gite in Poitou-Charente, pool - PC004496_B","Bedrooms 5, Sleeps 11, Ratings 1 9.8/10",£545 to £980 pw
265,"Holiday let for 2, + pool in rural Aquitaine - AD005093","Bedrooms 1, Sleeps 2, Ratings 1 10/10",£500 to £725 pw
266,"Pretty holiday gite in Poitou Charente, pool - PC004496_A","Bedrooms 2, Sleeps 4, Ratings 5 10/10",£545 to £775 pw
267,Rural Cosy Gite to let nr Combourg Brittany - BI005973_C,"Bedrooms 2, Sleeps 4",€580 to €790 pw
268,Rural Gite for 7 to let in Charente Maritime - PM007310,"Bedrooms 3, Sleeps 7",£695 to £1045 pw
269,Lovely gite on complex in Charente Maritime - PM006681,"Bedrooms 1, Sleeps 2, Ratings 3 9.8/10",£350 to £525 pw
270,Holiday gite for 4 in Normandy village - NM006359,"Bedrooms 2, Sleeps 4, Ratings 2 9.5/10",£350 pw
271,Holiday cottage for rental nr Locmine - BM002322,"Bedrooms 4, Sleeps 8",£420 to £700 pw
272,"1 of 6 cottages, family holiday let nr Royan - PM001082_C","Bedrooms 2, Sleeps 5",€415 to €1350 pw
273,Lovely gite with private terrace in Vienne - PV006822,"Bedrooms 2, Sleeps 4, Ratings 1 10/10",£455 to £644 pw
274,Family gite accommodation nr St Jean-d'Angély - PM002197_D,"Bedrooms 3, Sleeps 6",£445 to £975 pw
275,Large holiday gite in rural Normandy Manche - NM005948,"Bedrooms 3, Sleeps 6, Ratings 2 10/10",£595 to £770 pw
276,Holiday gites with pool for rental Dordogne - AD000161_C,"Bedrooms 17, Sleeps 40",£370 to £990 pw
277,Gite for holiday rental in Brittany - BM003605,"Bedrooms 3, Sleeps 7, Ratings 3 9.1/10",£400 to £695 pw
278,Holiday cottage with private pool in Brittany - BN007520,"Bedrooms 4, Sleeps 7",£550 to £800 pw
279,Cottage in Brittany with shared pool to let - BN004721,"Bedrooms 2, Sleeps 4",£685 to £795 pw
280,"Spacious gite & shared pool to let, Aquitaine - AT007386","Bedrooms 2, Sleeps 4",£695 to £950 pw
281,Romantic holiday gite for 2 in rural Dordogne - AD006643,"Bedrooms 1, Sleeps 2, Ratings 1 10/10",£450 pw
282,Holiday rental 2.5 km beach Biarritz - AP003588,"Bedrooms 2, Sleeps 4, Ratings 2 9.8/10",£497 to £995 pw
283,Holiday gite accommodation nr La Palmyre - PM002091,"Bedrooms 3, Sleeps 6, Ratings 2 9.8/10",£525 to £980 pw
284,Gite for holiday rental shared pool nr Matha - PM002983_B,"Bedrooms 2, Sleeps 5",£400 to £905 pw
285,Restored Water Mill to let in Deux Sevres - PS005964,"Bedrooms 3, Sleeps 6, Ratings 2 10/10",£495 to £1395 pw
286,Holiday gite to rent nr Benodet 6km - BF000361_C,"Bedrooms 3, Sleeps 5, Ratings 1 8.2/10",£385 to £585 pw
287,Holiday property to rent Le Gouray Brittany - BN003700,"Bedrooms 5, Sleeps 9, Ratings 2 10/10",£1000 to £2500 pw
288,Beautiful gite to let in Charente Maritime - PM006858,"Bedrooms 1, Sleeps 2, Ratings 3 10/10",£455 to £560 pw
289,Cosy gite in rural Dordogne with pool - AD006297,"Bedrooms 2, Sleeps 4, Ratings 1 8.7/10",£475 to £700 pw
290,"Beautiful stone gite with views, nr Montendre - PM006863","Bedrooms 3, Sleeps 6, Ratings 1 10/10",£2000 to £2200 pw
291,"Stone house with large private pool, Charente - PC005843","Bedrooms 3, Sleeps 6, Ratings 6 9.9/10",£1075 to £1350 pw
292,Holiday house at the beach to let in Brittany - BF002152,"Bedrooms 6, Sleeps 12, Ratings 6 9.3/10",£675 to £1400 pw
293,"Luxury farmhouse and pool to let, nr St James - BI003869","Bedrooms 4, Sleeps 12, Ratings 6 10/10",£750 to £2495 pw
294,"Holiday complex, pool and bar near Lamballe - BN002848_J","Bedrooms 2, Sleeps 4",€750 to €1800 pw
295,Holiday gite for 2 in Brittany - BM006011,"Bedrooms 1, Sleeps 2, Ratings 10 9.9/10",£320 to £450 pw
296,Large garden studio apartment to let in Aude - RA006798,"Bedrooms 1, Sleeps 2, Ratings 1 10/10",£362 to £905 pw
297,"Holiday cottage with private pool, Aquitaine - AD007428","Bedrooms 3, Sleeps 6",£1200 to £1695 pw
298,Lovely cottage to let near Mont St Michel - BI005695,"Bedrooms 4, Sleeps 8",£700 pw
299,"Rural holiday cottage, Caurel, North Brittany - BN006303","Bedrooms 3, Sleeps 6, Ratings 1 3.7/10",£684 pw
300,"Pet Friendly 4-star graded gite, Vienne - PV006979","Bedrooms 3, Sleeps 8, Ratings 1 10/10",£665 to £800 pw
301,"Light and airy gite to let, Brittany - BM005966","Bedrooms 1, Sleeps 4",£220 to £400 pw
302,Barn conversion for holidays Poitou-Charentes - PS004265,"Bedrooms 2, Sleeps 4, Ratings 1 10/10",£670 to £770 pw
303,Large holiday house in Vendée + private pool - LV004361,"Bedrooms 3, Sleeps 8, Ratings 1 10/10",£750 to £1000 pw
304,Cottage for rent in Calvados - sleeps 9 - NC003927,"Bedrooms 3, Sleeps 8",£550 to £1250 pw
305,Renovated Gite with shared pool near Riberac - PC004846_C,"Bedrooms 3, Sleeps 6, Ratings 3 9.6/10",£510 to £920 pw
306,"Apartment to let, private pool, Aquitaine - AT007142","Bedrooms 2, Sleeps 4, Ratings 2 9.4/10",£870 to £1130 pw
307,Holiday accommodation plus pool in Argol - BF001630_C,"Bedrooms 2, Sleeps 5, Ratings 4 10/10",€995 to €1650 pw
308,Character gite+ pool to let in rural Dordogne - AD005716,"Bedrooms 3, Sleeps 6",£750 to £1450 pw
309,"Luxury holiday gite, private pool, Aquitaine - AT005603","Bedrooms 2, Sleeps 5, Ratings 3 9.9/10",£500 to £1550 pw
310,"Large townhouse to let with pool, Limousin - UH007345","Bedrooms 6, Sleeps 12",£1250 to £2000 pw
311,Holiday home + pool to rent near Josselin - BM001837,"Bedrooms 4, Sleeps 8, Ratings 2 10/10",£600 to £980 pw
312,Couples gite to let for holidays in Charente - PC006334,"Bedrooms 1, Sleeps 2",£350 pw
313,Gite in Limousin for holiday rental - US004409,"Bedrooms 1, Sleeps 2, Ratings 2 10/10",£325 to £375 pw
314,Holiday gite rental in Vendee village - LV001977_B,"Bedrooms 2, Sleeps 7",£420 to £650 pw
315,"Holiday gite, private pool, Dordogne - AD007697","Bedrooms 2, Sleeps 4",£550 to £880 pw
316,Gite + pool rental Brittany/Normandy border - BI002340_D,"Bedrooms 3, Sleeps 7",€710 to €1800 pw
317,Cottage for holiday rental Charente Maritime - PM003292_A,"Bedrooms 2, Sleeps 4",£500 to £895 pw
318,"Rural Holiday House in Sarthe, Western Loire - LS006056","Bedrooms 2, Sleeps 6",£1260 pw
319,"Large holiday gite with pool, rural Aquitaine - AT006034_A","Bedrooms 5, Sleeps 10, Ratings 1 10/10",£2100 pw
320,"Holiday cottage, shared pool to let Pont-Aven - BF002047_A","Bedrooms 1, Sleeps 2, Ratings 10 9.8/10",£295 to £550 pw
321,"Holiday Gite for 6, Briel, Maine & Loire - LL006972","Bedrooms 3, Sleeps 6, Ratings 1 10/10",£520 pw
322,Lovely holiday gite to let near Aubeterre - PC005584,"Bedrooms 2, Sleeps 4",£560 to £630 pw
323,Farmhouse for holiday let in Limousin - UH004543,"Bedrooms 3, Sleeps 6, Ratings 2 9.1/10",£455 to £730 pw
324,Restored House to let for 4 in Loire Valley - VC006801,"Bedrooms 2, Sleeps 4, Ratings 1 10/10",£900 pw
325,Holiday cottage in Brittany - BM007540,"Bedrooms 2, Sleeps 5, Ratings 1 9.2/10",£350 to £450 pw
326,Holiday house near to beaches in Normandy - NM007450,"Bedrooms 4, Sleeps 8",£800 to £920 pw
327,"Large holiday gite with pool, Midi Pyrenees - MT006002","Bedrooms 3, Sleeps 9",£830 to £1465 pw
328,Holiday gite for let in Brittany - BM005177_D,"Bedrooms 4, Sleeps 8, Ratings 8 9.7/10",£800 to £1400 pw
329,"Holiday cottage with private pool, Languedoc - RG007257","Bedrooms 2, Sleeps 4",£952 to £1260 pw
330,Farmhouse for holiday rental Lot - ML003192,"Bedrooms 5, Sleeps 11",£1395 pw
331,"Stone cottage to let, countryside, Brittany - BM002713","Bedrooms 3, Sleeps 6, Ratings 19 9.4/10",£420 pw
332,Child friendly gite to let near Cahors - ML006428,"Bedrooms 2, Sleeps 4",£400 to £1200 pw
333,Holiday gite to let near Gavray Normandy - NM002128,"Bedrooms 1, Sleeps 2, Ratings 1 9.7/10",£285 to £385 pw
334,Holiday farmhouse with pool near Bordeaux - AG006472,"Bedrooms 4, Sleeps 9",£955 to £1335 pw
335,Sunny holiday gite with pool in Dordogne - AD005044,"Bedrooms 3, Sleeps 6, Ratings 12 9.5/10",£795 to £1595 pw
336,Lovely holiday cottage in rural Normandy - NM004523,"Bedrooms 4, Sleeps 7, Ratings 7 9.8/10",£449 to £699 pw
337,Family friendly cottage to let in Charente - PC005362,"Bedrooms 2, Sleeps 5, Ratings 2 9.8/10",£750 to £1400 pw
338,Family friendly gite to let Charente Maritime - PM005869,"Bedrooms 4, Sleeps 8",£600 to £1300 pw
339,"Cottage to let with shared pool, Aquitaine - AD007458","Bedrooms 2, Sleeps 4",£1300 to £1700 pw
340,Holiday farmhouse to rent near Dinan - BN001600_B,"Bedrooms 2, Sleeps 4",£350 to £450 pw
341,Lovely farmhouse to let near Mont St Michel - BI005697,"Bedrooms 4, Sleeps 10",£770 pw
342,La Pressoire holiday let near Baud Brittany - BM001973_A,"Bedrooms 5, Sleeps 10, Ratings 5 9.2/10",£1395 pw
343,Spacious stone farmhouse with heated pool - AT004880,"Bedrooms 4, Sleeps 6, Ratings 6 9.9/10",£975 to £1400 pw
344,Gite with shared pool in Languedoc - RA005533,"Bedrooms 3, Sleeps 6",£560 to £840 pw
345,Holiday cottage in Brittany - BI007539,"Bedrooms 2, Sleeps 6",£634 to £684 pw
346,Spacious gite to let for holidays in Brittany - BN005430,"Bedrooms 4, Sleeps 9, Ratings 2 8.3/10",£730 to £1625 pw
347,Spacious holiday gite with pool near Brantome - AD006978,"Bedrooms 4, Sleeps 10, Ratings 3 9.8/10",£900 to £1550 pw
348,Rural Cottage with pool to let in Charentes - PC006190,"Bedrooms 3, Sleeps 7",£684 to £854 pw
349,Holiday house near landing beaches Normandy - NC006695,"Bedrooms 3, Sleeps 6, Ratings 1 9.3/10",£550 to £700 pw
350,Stone Gite in rural Mayenne for rental - LM005703,"Bedrooms 2, Sleeps 5, Ratings 2 10/10",£480 to £550 pw
351,"3 Bed Gite to let with pool, Aquitaine - AT007462","Bedrooms 3, Sleeps 6",£650 to £1100 pw
352,Cottage with shared pool in Morbihan - BM005283_A,"Bedrooms 6, Sleeps 12",£355 to £985 pw
353,Holiday cottage (former Cider Press) Brittany - BF006517,"Bedrooms 2, Sleeps 5, Ratings 3 10/10",£560 to £700 pw
354,Farmhouse with pool to let near Aubeterre - PC005158,"Bedrooms 4, Sleeps 8, Ratings 3 9.8/10",£850 to £1250 pw
355,Apartment for holiday let Charente Maritime - PM003292_B,"Bedrooms 5, Sleeps 10",£500 to £1695 pw
356,"Bargain gite holiday for 2, in the Charente - PC006061","Bedrooms 1, Sleeps 2, Ratings 1 10/10",£434 to £734 pw
357,"Converted barn holiday rental, Maine et Loire - LL004127_A","Bedrooms 4, Sleeps 9, Ratings 13 10/10",£475 to £560 pw
358,Gite to let in rural Aquitaine vineyards - AG005537,"Bedrooms 3, Sleeps 5, Ratings 2 10/10",£320 to £391 pw
359,Holiday house next to Canal du Midi Languedoc - RA005470,"Bedrooms 4, Sleeps 8, Ratings 1 9.5/10",£1200 to £2180 pw
360,Comfortable gite for holiday let Vouvant - LV003734,"Bedrooms 1, Sleeps 4, Ratings 1 8.8/10",£450 to £500 pw
361,Farmhouse B&B 20km Bayeux and St Lo - NC002816_C,"Bedrooms 3, Sleeps 10",€610 to €940 pw
362,"Le Grenier, holiday home to let Ploerdut - BM001005_A","Bedrooms 2, Sleeps 5",£357 to £772 pw
363,Holiday cottage in Brittany near Huelgoat - BF006524,"Bedrooms 2, Sleeps 4, Ratings 2 9.8/10",£418 to £464 pw
364,"1 of 6 cottages, family holiday let nr Royan - PM001082_F","Bedrooms 2, Sleeps 4",€370 to €1260 pw
365,"Pretty holiday Gite in Poitou-Charente, pool - PC004496_B","Bedrooms 5, Sleeps 11, Ratings 1 9.8/10",£545 to £980 pw
366,"Holiday gite complex, shared pool, Brittany - BN006697_D","Bedrooms 3, Sleeps 5",£365 to £600 pw
367,Lovely cottage to let near Mont St Michel - BI005695,"Bedrooms 4, Sleeps 8",£700 pw
368,Recently renovated gite in Charente Maritime - PM006985,"Bedrooms 4, Sleeps 8",£1260 pw
369,Pretty holiday cottage to let in Brittany - BM005126,"Bedrooms 2, Sleeps 6, Ratings 2 10/10",£450 to £650 pw
370,Luxury holiday let near St Sauveur le Vicomt - NM001949_B,"Bedrooms 1, Sleeps 2",€500 to €600 pw
371,"House to let, private pool, rural Charente - PC007247","Bedrooms 3, Sleeps 6, Ratings 1 8.5/10",£658 to £1155 pw
372,"Family friendly gite & pool to let, Aquitaine - AD007482","Bedrooms 4, Sleeps 8",£400 to £1550 pw
373,"Self catering gite to rent, Charente Maritime - PM003940","Bedrooms 1, Sleeps 2, Ratings 2 9.9/10",£325 to £795 pw
374,"Pretty cottage with pool to let, St Just - PM005364","Bedrooms 2, Sleeps 4",£546 to £1230 pw
375,Large barn conversion gite to let in Dordogne - AD006570,"Bedrooms 4, Sleeps 12",£800 to £1850 pw
376,Converted barn to let with pool near Poitiers - PV006203,"Bedrooms 2, Sleeps 5, Ratings 5 10/10",£560 to £840 pw
377,Converted Barn in rural village in Normandy - NM003341,"Bedrooms 2, Sleeps 4, Ratings 3 9.5/10",£545 pw
378,Holiday let for 2 with private pool near Albi - MT005543,"Bedrooms 1, Sleeps 2, Ratings 1 9.8/10",£379 to £590 pw
379,Beautiful Country Home near La Roche-Bernard - BM003420,"Bedrooms 2, Sleeps 5, Ratings 3 8.8/10",£275 to £495 pw
380,"Family cottage with lovely views, Brossac - PC005615","Bedrooms 3, Sleeps 6",£399 to £799 pw
381,Holiday gites with pool for rental Dordogne - AD000161_K,"Bedrooms 2, Sleeps 5",£420 to £940 pw
382,"Large family house to let, Charente Maritime - PM005585","Bedrooms 7, Sleeps 16, Ratings 5 9.6/10",£1600 to £2750 pw
383,"Lovely barn for family holidays, Deux Sevres - PS005596","Bedrooms 4, Sleeps 8",£1050 to £1505 pw
384,"Spacious 18thC manor to let, pool, Dordogne - AD007451","Bedrooms 3, Sleeps 7",£1600 to £2100 pw
385,"Holiday Cottage to let with pool, Mayenne - LM006760_A","Bedrooms 3, Sleeps 6, Ratings 1 10/10",€560 to €1400 pw
386,Holiday farmhouse near Fontenelle and Antrain - BI004479,"Bedrooms 2, Sleeps 4",£525 to £590 pw
387,Holiday gite with private pool in Aveyron - MV006627,"Bedrooms 4, Sleeps 8, Ratings 2 9.9/10",£750 to £1500 pw
388,Cosy gite to let with a pool in Charante - PC007688,"Bedrooms 2, Sleeps 4",£480 to £680 pw
389,Cottage in rural Vendee for rental with pool - LV005728,"Bedrooms 3, Sleeps 5, Ratings 4 10/10",£535 to £1195 pw
390,"Lovely gite with stunning views, Loire Valley - VI005891_A","Bedrooms 1, Sleeps 2, Ratings 3 10/10",£565 to £680 pw
391,"Rural farmhouse with pool to let, Deux Sevres - PS006020","Bedrooms 3, Sleeps 6, Ratings 2 9.8/10",£495 to £875 pw
392,"Cottage with private pool, Charente Maritime - PM005604","Bedrooms 2, Sleeps 4, Ratings 6 9.7/10",£500 to £920 pw
393,Holiday cottage with private pool in Dordogne - AD005635_A,"Bedrooms 2, Sleeps 4",£499 to £999 pw
394,"Character barn for rent, Brittany - BN004135","Bedrooms 3, Sleeps 7, Ratings 2 10/10",£490 to £980 pw
395,Farmhouse holiday rental 10km Avranches - NM002894,"Bedrooms 3, Sleeps 8, Ratings 13 9.7/10",£850 pw
396,"Stunning Rural Gite in Normandy, Orne - NO003444_B","Bedrooms 3, Sleeps 8, Ratings 2 10/10",£720 to £1120 pw
397,Holiday house to let near coast in Vendee - LV007044,"Bedrooms 3, Sleeps 6, Ratings 5 9.3/10",£300 to £650 pw
398,Gite for 2 with private pool in Deux Sevres - PS006689,"Bedrooms 1, Sleeps 2, Ratings 1 10/10",£475 to £580 pw
399,Spacious holiday gite to let in Deux Sevres - PS005838,"Bedrooms 2, Sleeps 4",£455 pw
400,Renovated 3 Bed Barn to let in Gavray - NM004348,"Bedrooms 3, Sleeps 6, Ratings 8 9.9/10",£509 to £990 pw
401,Beautiful holiday cottage with pool nr Aulnay - PM004780,"Bedrooms 5, Sleeps 14",£1200 to £1995 pw
402,Holiday gite in rural Dordogne with pool - AD005864_C,"Bedrooms 3, Sleeps 6, Ratings 1 10/10",€955 to €1445 pw
403,"Holiday let with pool to let, rural Dordogne - AD005376","Bedrooms 3, Sleeps 6",£550 to £1500 pw
404,"Luxury 4* barn, heated pool Charente Maritime - PM005082_B","Bedrooms 3, Sleeps 6, Ratings 1 10/10",£1150 to £1795 pw
405,"Converted Barn to let, sleeps 4, near Saumur - PV007249","Bedrooms 2, Sleeps 4",£570 to £1202 pw
406,Charming cottage to let in the Charente - PC006477,"Bedrooms 2, Sleeps 4, Ratings 4 10/10",£400 to £600 pw
407,Holiday cottage rental Brittany coast 10 mins - BM000892_A,"Bedrooms 7, Sleeps 12, Ratings 2 10/10",£350 to £575 pw
408,Holiday cottage to rent near Carhaix-Plouguer - BN002685,"Bedrooms 3, Sleeps 6, Ratings 2 9.8/10",£275 to £380 pw
409,"Gite for 7 with pool in St Fraigne, Charente - PC007204","Bedrooms 3, Sleeps 7",£900 to £1250 pw
410,3 Lovely holiday cottages 1 hr from Cherbourg - NM002654_A,"Bedrooms 4, Sleeps 8, Ratings 1 10/10",£435 to £795 pw
411,Detached holiday property in Finistere - BF003685,"Bedrooms 6, Sleeps 12, Ratings 18 9.7/10",£1500 to £2800 pw
412,"1 of 6 cottages, family holiday let nr Royan - PM001082_C","Bedrooms 2, Sleeps 5",€415 to €1350 pw
413,"Luxury gite to let, private pool, Dordogne - AD007719","Bedrooms 1, Sleeps 2",£770 to £945 pw
414,"Riverside gite to let, shared pool, Dordogne - AD003218_C","Bedrooms 2, Sleeps 5",€500 to €900 pw
415,"Sea view villa to let nr safe beach, Brittany - BM003486","Bedrooms 5, Sleeps 12, Ratings 4 9.5/10",£675 to £1600 pw
416,"Gite for holiday let in Quistinic, Brittany - BM005103","Bedrooms 3, Sleeps 6, Ratings 3 10/10",£710 to £1450 pw
417,Stonebarn & pool for holiday let in Dordogne - AD005724,"Bedrooms 2, Sleeps 4, Ratings 2 9.2/10",£600 to £1000 pw
418,Lovely long house to let in Brittany - BM007091,"Bedrooms 3, Sleeps 7, Ratings 1 8.5/10",£500 pw
419,Beautiful self catering gite in Calvados - NC003528,"Bedrooms 3, Sleeps 5, Ratings 2 9.9/10",£1204 pw
420,Renovated barn to let with pool in Charente - PC007457,"Bedrooms 2, Sleeps 4",£540 to £650 pw
421,Holiday gite with heated pool in Dordogne - AD006989_A,"Bedrooms 3, Sleeps 6, Ratings 1 10/10",£995 to £1395 pw
422,Gilles holiday let near Baud Brittany - BM001973_C,"Bedrooms 3, Sleeps 7, Ratings 4 9.2/10",£945 pw
423,Romantic holiday gite for 2 in rural Dordogne - AD006643,"Bedrooms 1, Sleeps 2, Ratings 1 10/10",£450 pw
424,Spacious holiday gite nr Saumur Western Loire - LL006375,"Bedrooms 2, Sleeps 5, Ratings 3 9.4/10",£625 to £900 pw
425,Cottage for holiday rental Charente Maritime - PM003292_A,"Bedrooms 2, Sleeps 4",£500 to £895 pw
426,"Holiday home & heated pool, nr Canal du Midi - RH006856","Bedrooms 3, Sleeps 6",£675 to £1100 pw
427,"Holiday cottage for 2, Puivert, Languedoc - RA007727","Bedrooms 1, Sleeps 2",£400 pw
428,Spacious holiday gite near the Pyrenees - AP007016,"Bedrooms 3, Sleeps 6",£1050 to £1500 pw
429,Luxury Holiday Gite to let in rural Vendee - LV005800,"Bedrooms 3, Sleeps 6",£1000 to £1300 pw
430,Holiday gite for rental in Brittany - BN000450_A,"Bedrooms 4, Sleeps 7",£590 pw
431,Family gite to let on complex in Charente - PC006033_A,"Bedrooms 2, Sleeps 4",£560 to £728 pw
432,Pretty Gite for 2 in rural Calvados Normandy - NC006933,"Bedrooms 1, Sleeps 2, Ratings 4 10/10",£325 pw
433,Gite rental with pool in Aquitaine - AD004061,"Bedrooms 3, Sleeps 7, Ratings 3 10/10",£450 to £950 pw
434,Gite to let with fishing lakes in Charente - PS003434,"Bedrooms 1, Sleeps 2, Ratings 5 9.8/10",£450 to £525 pw
435,Charming holiday cottage to let on Ile de Re - PM006898,"Bedrooms 1, Sleeps 4",£780 to £1400 pw
436,Gite for holiday rental in Brittany - BM003489,"Bedrooms 2, Sleeps 6",£280 to £450 pw
437,"Holiday farmhouse with pool, Aquitaine - AD006989_B","Bedrooms 1, Sleeps 3",£495 to £695 pw
438,Self catering gite edge of Brenne National Pk - PV003471,"Bedrooms 2, Sleeps 4, Ratings 13 9.9/10",£450 to £900 pw
439,"Pretty gite to let in Tremolat, Dordogne - AD007400","Bedrooms 1, Sleeps 2",£415 to £550 pw
440,Lovely gite with private terrace in Vienne - PV006822,"Bedrooms 2, Sleeps 4, Ratings 1 10/10",£455 to £644 pw
441,Holiday gite in Dordogne with private pool - AD005861,"Bedrooms 4, Sleeps 8, Ratings 1 9/10",£730 to £1270 pw
442,Lovely gite on complex in Charente Maritime - PM006676,"Bedrooms 3, Sleeps 6, Ratings 4 10/10",£700 to £1190 pw
443,"1 of 6 cottages, family holiday let nr Royan - PM001082_B","Bedrooms 3, Sleeps 7",€470 to €1670 pw
444,Holiday gite with pool in Dordogne nr Sarlat - AD006731,"Bedrooms 2, Sleeps 4",£510 to £1050 pw
445,Holiday accommodation plus pool in Argol - BF001630_C,"Bedrooms 2, Sleeps 5, Ratings 4 10/10",€995 to €1650 pw
446,Holiday rental gite close to Buais Normandy - NM001573,"Bedrooms 2, Sleeps 4, Ratings 1 10/10",£390 to £490 pw
447,Old stone gite with secure garden near Ruffec - PC004825,"Bedrooms 1, Sleeps 2, Ratings 6 9.8/10",£190 to £380 pw
448,Lovely family gite on complex in the Aude - RA006772,"Bedrooms 3, Sleeps 6",£820 to £1125 pw
449,"Luxury gite to let, private pool, near Eymet - AT006242","Bedrooms 2, Sleeps 4, Ratings 11 9.9/10",£500 to £885 pw
450,"Pretty holiday Gite in Poitou-Charente, pool - PC004496_B","Bedrooms 5, Sleeps 11, Ratings 1 9.8/10",£545 to £980 pw
451,"Rural gite & shared pool to let, Deux Sevres - PS007419","Bedrooms 2, Sleeps 4",£543 to £618 pw
452,"Gite in Languedoc, Aude for holiday rental - RA005530","Bedrooms 2, Sleeps 4, Ratings 1 10/10",£750 to £1350 pw
453,Lovely cottage to let with a pool in Normandy - NM007329,"Bedrooms 1, Sleeps 2, Ratings 1 10/10",£250 to £395 pw
454,"Rural holiday cottage, Caurel, North Brittany - BN006303","Bedrooms 3, Sleeps 6, Ratings 1 3.7/10",£684 pw
455,Beautiful holiday cottage with pool nr Aulnay - PM004780,"Bedrooms 5, Sleeps 14",£1200 to £1995 pw
456,Gite to rent for Vienne holiday Montmorillon - PV002079_A,"Bedrooms 1, Sleeps 2",£250 to £350 pw
457,Cottage in Brittany for holiday rental - BM004004,"Bedrooms 3, Sleeps 6",£425 to £650 pw
458,Beautiful Gite to Let in Migron - PM003681_B,"Bedrooms 2, Sleeps 5, Ratings 1 9.7/10",£295 to £775 pw
459,Gite rental with pool in Aquitaine - AD004061,"Bedrooms 3, Sleeps 7, Ratings 3 10/10",£450 to £950 pw
460,Holiday gite with pool in Dordogne vineyard - AD005984,"Bedrooms 3, Sleeps 8, Ratings 3 9.9/10",€560 to €1400 pw
461,"Large holiday let with private pool, Gironde - AG005117","Bedrooms 5, Sleeps 10",£2000 to £2650 pw
462,"Holiday gite, shared pool, Brittany - BN007657","Bedrooms 3, Sleeps 6",£1434 to £1684 pw
463,Farmhouse for holiday rental Tarn et Garonne - MN003165,"Bedrooms 4, Sleeps 8, Ratings 7 9.6/10",£1395 to £2255 pw
464,A gite for rental nr. Roche-en-Regnier - OH002802,"Bedrooms 1, Sleeps 4, Ratings 2 9.7/10",£330 to £425 pw
465,Superior holiday gites to rent in Brittany - BM002684_C,"Bedrooms 8, Sleeps 16",£2995 to £4695 pw
466,Holiday cottage in historic Normandy Estate - NM003524,"Bedrooms 2, Sleeps 4",£706 to £1281 pw
467,"Cottage, holiday rental, Nantes-Brest Canal - BF002666","Bedrooms 3, Sleeps 6, Ratings 5 9.9/10",£375 to £450 pw
468,Holiday home + pool to rent near Josselin - BM001837,"Bedrooms 4, Sleeps 8, Ratings 2 10/10",£600 to £980 pw
469,Cottage for holiday let Charente Maritime - PM003454,"Bedrooms 3, Sleeps 6, Ratings 1 6.3/10",£616 to £1365 pw
470,One of 4 gites for holiday let Vendee - LV003559_C,"Bedrooms 3, Sleeps 7, Ratings 5 9.6/10",£800 to £1300 pw
471,"Apartment to let, sleeps 4, Limousin - UH007237","Bedrooms 2, Sleeps 4, Ratings 2 10/10",£500 to £600 pw
472,"Property to let, private heated pool, Loire V - VE004172","Bedrooms 5, Sleeps 8, Ratings 3 9.2/10",£1175 to £1540 pw
473,"Holiday Cottage for 2, Limousin - UO007576","Bedrooms 1, Sleeps 2",£616 pw
474,Holiday cottage in Brittany - BM005922,"Bedrooms 2, Sleeps 4, Ratings 2 9.8/10",£500 pw
475,Holiday cottage rental Brittany coast 10 mins - BM000892_C,"Bedrooms 3, Sleeps 4, Ratings 3 10/10",£350 to £575 pw
476,Self catering gite in rural Western Loire - LS003541,"Bedrooms 2, Sleeps 4, Ratings 1 10/10",£449 to £999 pw
477,"Lovely home and private pool, Charente - PC005983","Bedrooms 3, Sleeps 6, Ratings 7 9.9/10",£970 to £1500 pw
478,Family friendly gite for holidays near Civray - PV004809,"Bedrooms 4, Sleeps 10, Ratings 4 10/10",£649 to £1799 pw
479,Holiday house with pool for rental in Vendee - LV006458,"Bedrooms 3, Sleeps 6",£990 to £1700 pw
480,Large cottage to let in the Loire Valley - VR004627,"Bedrooms 2, Sleeps 6, Ratings 2 9.9/10",£375 to £700 pw
481,Holiday let & pool Loire Valley - VI004218_D,"Bedrooms 2, Sleeps 3",£395 to £745 pw
482,Gite to let in Chateau grounds in Serrigny - GY006453,"Bedrooms 3, Sleeps 6",£800 pw
483,Holiday cottage in Brittany with shared pool - BM006793,"Bedrooms 3, Sleeps 8",£410 to £810 pw
484,Self catering farmhouse to let in Aquitaine - AD003218_B,"Bedrooms 4, Sleeps 8",€700 to €1800 pw
485,Holiday cottage in rural Aquitaine with pool - AD005074,"Bedrooms 3, Sleeps 6, Ratings 1 9.7/10",£1000 to £1450 pw
486,"Spacious gite & shared pool to let, Aquitaine - AT007386","Bedrooms 2, Sleeps 4",£695 to £950 pw
487,Holiday cottage rental in Brittany - BN000920_B,"Bedrooms 2, Sleeps 6, Ratings 1 9.8/10",£400 to £900 pw
488,Tranquil holiday cottage by lake in Aquitaine - AT004250,"Bedrooms 1, Sleeps 2, Ratings 1 10/10",£495 to £520 pw
489,One of 2 Gites for holiday rental Dordogne - AD001654,"Bedrooms 3, Sleeps 6, Ratings 1 10/10",£400 to £450 pw
490,Romantic holiday gite for 2 in rural Dordogne - AD006643,"Bedrooms 1, Sleeps 2, Ratings 1 10/10",£450 pw
491,"Large farmhouse & pool to let, Saint Savinien - PM007401","Bedrooms 4, Sleeps 8",£1250 to £1995 pw
492,Lovely gite & pool for holidays in Charente - PC005004,"Bedrooms 2, Sleeps 6",£780 to £1200 pw
493,"Rose cottage in Cotes d'Armor, self catering - BN003895_C","Bedrooms 3, Sleeps 8, Ratings 1 10/10",£685 to £745 pw
494,Luxury holiday let near St Sauveur le Vicomt - NM001949_C,"Bedrooms 2, Sleeps 5",€550 to €1000 pw
495,Holiday gite with pool in peaceful Aquitaine - AD006883,"Bedrooms 3, Sleeps 6",£600 to £1400 pw
496,Peaceful cottage to let in the Vendee - LV007320,"Bedrooms 2, Sleeps 4",£372 to £791 pw
497,Spacious holiday gite on complex in Brittany - BM006841,"Bedrooms 3, Sleeps 7",£560 to £1300 pw
498,Riverside holiday cottage to rent in Brittany - BM001157,"Bedrooms 2, Sleeps 6, Ratings 9 9.5/10",£395 to £550 pw
499,Holiday gite with private pool near Agen - AT006447,"Bedrooms 2, Sleeps 4, Ratings 2 9.4/10",£760 to £1005 pw
500,Picturesque gite to let in Deux Sevres - PS005440,"Bedrooms 3, Sleeps 8, Ratings 3 9.5/10",£1300 pw
501,Holiday gite to let in rural Normandy - NO004722,"Bedrooms 2, Sleeps 6, Ratings 2 9.6/10",£595 pw
502,"Large holiday let, private pool, nr Toulouse - MN006050","Bedrooms 5, Sleeps 12",£1500 to £1750 pw
503,Holiday gites with pool for rental Dordogne - AD000161_F,"Bedrooms 2, Sleeps 6",£420 to £940 pw
504,"Stone Farmhouse, shared pool in Cotes d'Armor - BN003487_B","Bedrooms 6, Sleeps 16",£350 to £1250 pw
505,Lovely gite for couples to let in Charente - PC006306,"Bedrooms 1, Sleeps 2",£350 pw
506,Gite with on-site fishing lake in Charente - PC006379,"Bedrooms 2, Sleeps 6, Ratings 3 9.9/10",£500 to £660 pw
507,"Family holiday let with pool, rural Mayenne - LM005264","Bedrooms 2, Sleeps 6",£375 to £700 pw
508,Family gite to let in Charente Maritime - PM006648_C,"Bedrooms 2, Sleeps 4",£300 to £950 pw
509,"Holiday complex, pool and bar near Lamballe - BN002848_G","Bedrooms 3, Sleeps 6",€2000 to €2600 pw
510,Large Holiday Gite for 8 & pool near Surgeres - PS007270,"Bedrooms 4, Sleeps 8",£800 to £1250 pw
511,Holiday gite in Aquitaine with private pool - AT004450,"Bedrooms 4, Sleeps 8, Ratings 3 10/10",£1395 to £2395 pw
512,Gite for holiday let in Languedoc - RA005019,"Bedrooms 2, Sleeps 4, Ratings 1 10/10",£499 to £899 pw
513,"Cosy gite to let with private pool, Aquitaine - AD007356","Bedrooms 3, Sleeps 6",£840 to £1500 pw
514,Pretty holiday cottage to let in Brittany - BM005126,"Bedrooms 2, Sleeps 6, Ratings 2 10/10",£450 to £650 pw
515,Holiday cottage with heated pool in Brittany - BM003435,"Bedrooms 3, Sleeps 6, Ratings 3 9.6/10",£880 to £1180 pw
516,"Holiday Cottage & pool, Charente Maritime - PM007136_A","Bedrooms 2, Sleeps 4",£375 to £650 pw
517,"Pretty holiday cottage to rent/B&B, St Dolay - BM001210","Bedrooms 2, Sleeps 5, Ratings 3 9.8/10",£450 pw
518,Holiday gite by the park & river Treguir - BN004376,"Bedrooms 3, Sleeps 6, Ratings 1 7/10",£395 to £538 pw
519,Renovated barn on family run farm near Ruffec - PC004849,"Bedrooms 2, Sleeps 5, Ratings 4 10/10",£175 to £730 pw
520,Holiday in self catering gite Moncoutant - PS002433,"Bedrooms 2, Sleeps 5, Ratings 4 10/10",£375 to £525 pw
521,"Luxurious large barn to let, pool, Aquitaine - AD007375","Bedrooms 3, Sleeps 6",£797 to £1557 pw
522,"Holiday farmhouse with pool, Aquitaine - AD006989_B","Bedrooms 1, Sleeps 3",£495 to £695 pw
523,Holiday cottage in Brittany - BM006911,"Bedrooms 3, Sleeps 6",£500 to £850 pw
524,"Large holiday farmhouse to rent, near Saumur - LL004359","Bedrooms 4, Sleeps 10",£850 pw
525,Farmhouse holiday rental 10km Avranches - NM002894,"Bedrooms 3, Sleeps 8, Ratings 13 9.7/10",£850 pw
526,"Lovely millhouse with pool, Charente Maritime - PM006126","Bedrooms 3, Sleeps 7, Ratings 2 10/10",£695 to £1850 pw
527,Rural holiday gite for 2 to let in Charente - PC003589,"Bedrooms 1, Sleeps 2, Ratings 1 10/10",£395 to £499 pw
528,Self catering holiday let 15km Montmorillon - PV003533,"Bedrooms 2, Sleeps 4, Ratings 10 10/10",£465 to £650 pw
529,Self catering holiday rental Limousin - UH003318,"Bedrooms 3, Sleeps 6, Ratings 1 8.3/10",£460 to £620 pw
530,"Large holiday gite with pool, Normandy coast - NM005751","Bedrooms 3, Sleeps 6",£1095 pw
531,Holiday gite to let with pool near Toulouse - MA006107,"Bedrooms 2, Sleeps 6",£730 to £860 pw
532,"Converted Barn & shared pool to let, Dordogne - AD007039","Bedrooms 3, Sleeps 5",£400 to £1250 pw
533,"Large house & pool to let, Chassenon Charente - PC007414","Bedrooms 4, Sleeps 10",£995 to £1999 pw
534,Family gite to let on complex in Charente - PC006033_A,"Bedrooms 2, Sleeps 4",£560 to £728 pw
535,Large Cottage & pool to let Charente Maritime - PM007136_B,"Bedrooms 5, Sleeps 12",£375 to £750 pw
536,Le Noyer holiday gite for rental in Brittany - BI002570_A,"Bedrooms 3, Sleeps 5",€580 to €1090 pw
537,"Holiday cottage, private pool, Limousin - UH007604","Bedrooms 6, Sleeps 14",£2000 to £3000 pw
538,Holiday cottage for 4 near Orthez - AP006575,"Bedrooms 2, Sleeps 4, Ratings 1 10/10",£350 to £840 pw
539,"Restored Farmhouse & pool to let, Deux Sevres - PS007429","Bedrooms 3, Sleeps 6",£850 pw
540,Farmhouse for holiday rental near Marmande - AT002775,"Bedrooms 2, Sleeps 4",£495 to £995 pw
541,Cottage rentals with pool in St Jean-d'Angély - PM002399_F,"Bedrooms 3, Sleeps 6",£960 to £1410 pw
542,"Holiday gite, pretty riverside Loire village - LL006509","Bedrooms 2, Sleeps 4, Ratings 7 10/10",£630 to £945 pw
543,Holiday gite to let in Brittany - BN002919_A,"Bedrooms 3, Sleeps 6, Ratings 11 9/10",€685 to €1400 pw
544,House & pool Le Bugue/Les Eyzies Dordogne - AD005220,"Bedrooms 3, Sleeps 6, Ratings 1 10/10",£1000 to £1800 pw
545,Relaxing large gite to let in Brittany - BF007407,"Bedrooms 5, Sleeps 10",£425 to £799 pw
546,Farmhouse to let in Plestin les Greves - BN000432_A,"Bedrooms 21, Sleeps 51",£800 to £2000 pw
547,Brittany cottage with garden and heated pool - BN002849,"Bedrooms 3, Sleeps 5",£650 to £1250 pw
548,Gite to let with private pool in the Dordogne - AD007083,"Bedrooms 3, Sleeps 6",£550 to £1400 pw
549,"Lovely gite to let in quiet hamlet, Brittany - BN007437","Bedrooms 3, Sleeps 6",£450 to £750 pw
550,Holiday cottage with pool in rural Aquitaine - AT005038_C,"Bedrooms 2, Sleeps 5",€850 to €1595 pw
551,Cottage with shared pool to let in Ariege - MA005332,"Bedrooms 4, Sleeps 8, Ratings 2 9.8/10",£500 to £1200 pw
552,"Holiday gite with pool, rural Aquitaine - AG005798","Bedrooms 1, Sleeps 3, Ratings 6 10/10",£540 to £715 pw
553,Holiday gite with a pool in the Vendee - LV007335,"Bedrooms 3, Sleeps 6",£1150 pw
554,Peaceful holiday gite in Dordogne with pool - AD004435,"Bedrooms 2, Sleeps 4",£495 to £870 pw
555,Holiday gites with pool for rental Dordogne - AD000161_H,"Bedrooms 3, Sleeps 6",£450 to £990 pw
556,Charming rural gite to let in Loire Valley - VR006437,"Bedrooms 3, Sleeps 6, Ratings 6 10/10",£750 to £900 pw
557,Lovely cottage to let in rural Normandy - NM004176,"Bedrooms 1, Sleeps 2, Ratings 4 9.8/10",£295 to £325 pw
558,Holiday gites with pool for rental Dordogne - AD000161_C,"Bedrooms 17, Sleeps 40",£370 to £990 pw
559,Beautiful Village House to Let in Migron - PM003681_A,"Bedrooms 6, Sleeps 13, Ratings 6 9.3/10",£295 to £1425 pw
560,Holiday rental in Calvados near Lac Dathee - NC004875,"Bedrooms 3, Sleeps 6, Ratings 2 10/10",£550 to £650 pw
561,"Cottage for 4 & shared pool to let, Brittany - BF006986","Bedrooms 2, Sleeps 4, Ratings 1 10/10",£497 to £1204 pw
562,"Holiday cottage with pool, rural Aquitaine - AD005989","Bedrooms 2, Sleeps 4",£800 to £1500 pw
563,Cottage to let with shared pool near Ruffec - PC003793,"Bedrooms 2, Sleeps 5",£350 to £550 pw
564,Self catering cottage rental nr Saumur - LL004095,"Bedrooms 2, Sleeps 4, Ratings 3 9.6/10",£395 to £520 pw
565,"Beautiful Cottage for 2 nr Mont St, Michel - BI007214","Bedrooms 1, Sleeps 2, Ratings 1 10/10",£750 to £800 pw
566,Holiday house near to beaches in Normandy - NM007450,"Bedrooms 4, Sleeps 8",£800 to £920 pw
567,"Gite for holiday let in Quistinic, Brittany - BM005103","Bedrooms 3, Sleeps 6, Ratings 3 10/10",£710 to £1450 pw
568,Large holiday farmhouses with pool nr Le Lude - LS005060,"Bedrooms 8, Sleeps 18, Ratings 10 9.5/10",£1600 to £3540 pw
569,Holiday gite in Normandy near St Mere Eglise - NM006337,"Bedrooms 1, Sleeps 4, Ratings 2 10/10",£365 to £450 pw
570,Large holiday house in Vendée + private pool - LV004361,"Bedrooms 3, Sleeps 8, Ratings 1 10/10",£750 to £1000 pw
571,"Large holiday let with private pool, Gironde - AG005117","Bedrooms 5, Sleeps 10",£2000 to £2650 pw
572,Farmhouse to let in rural Normandy Calvados - NC005884,"Bedrooms 2, Sleeps 6",£595 pw
573,Holiday gite in Brittany - BI007432,"Bedrooms 2, Sleeps 4",£665 pw
574,Rural holiday Cottage on riverbank in Coivert - PM007545,"Bedrooms 2, Sleeps 4",£435 to £530 pw
575,Rural holiday gite rental near Moncoutant - PS004762,"Bedrooms 2, Sleeps 4, Ratings 1 9.5/10",£300 to £400 pw
576,"Holiday cottage with shared pool, Brittany - BM007070_A","Bedrooms 7, Sleeps 14, Ratings 1 10/10",£1000 to £2050 pw
577,Gite for holiday rental Vienne - PV003337,"Bedrooms 4, Sleeps 8, Ratings 3 8.7/10",£1200 pw
578,Holiday gite near Allonnes - LL004475,"Bedrooms 1, Sleeps 3",£350 pw
579,"Spacious 3 bed gite to let, Poitou Charentes - PV007686","Bedrooms 3, Sleeps 6",£995 to £1495 pw
580,Large holiday let in rural Maine et Loire - LL005075,"Bedrooms 4, Sleeps 8, Ratings 4 9.8/10",£1400 to £2400 pw
581,Stylish barn conversion to let in SW France - MA007449,"Bedrooms 2, Sleeps 4, Ratings 1 9.8/10",£740 to £875 pw
582,Idylic Farmhouse in rural Cotes d'Armor - BN003483,"Bedrooms 3, Sleeps 6, Ratings 2 9.6/10",£450 to £675 pw
583,Beautiful Village House to Let in Migron - PM003681_A,"Bedrooms 4, Sleeps 8, Ratings 6 9.3/10",£395 to £1425 pw
584,Charming cottage to let in the Charente - PC006477,"Bedrooms 2, Sleeps 4, Ratings 4 10/10",£400 to £600 pw
585,Village house to let in St Antonin Noble Val - MN005879,"Bedrooms 2, Sleeps 4",£495 to £700 pw
586,Gite for holiday let Dordogne - AD003565,"Bedrooms 3, Sleeps 6",£475 to £550 pw
587,Beautiful Country Home near La Roche-Bernard - BM003420,"Bedrooms 2, Sleeps 5, Ratings 3 8.8/10",£275 to £495 pw
588,Romantic holiday let for 2 in Aquitaine - AT006263,"Bedrooms 1, Sleeps 2",£500 to £600 pw
589,Holiday gite to let in Languedoc - RA004992,"Bedrooms 3, Sleeps 6, Ratings 2 9.5/10",£499 to £1099 pw
590,Family farmhouse to let in Deux Sevres - PS006211,"Bedrooms 2, Sleeps 4, Ratings 2 9.3/10",£375 to £699 pw
591,Rural watermill to let in Dordogne village - AD004466_C,"Bedrooms 2, Sleeps 4",€536 to €764 pw
592,Holiday let in Midi Pyrenees - MO004141,"Bedrooms 1, Sleeps 3",£300 pw
593,Holiday house to rent in Brittany - BF002650,"Bedrooms 3, Sleeps 8",£400 to £800 pw
594,"Luxury 4*house, heated pool Charente Maritime - PM005082_A","Bedrooms 6, Sleeps 12, Ratings 3 10/10",£1150 to £1795 pw
595,"Holiday cottage, heated pool, Loire Valley - VI005842","Bedrooms 4, Sleeps 9, Ratings 4 10/10",£1800 to £2800 pw
596,Holiday house to let near coast in Vendee - LV007044,"Bedrooms 3, Sleeps 6, Ratings 5 9.3/10",£300 to £650 pw
597,Large Gite & Shared Pool in Poitou Charentes - PS005209,"Bedrooms 3, Sleeps 8",£700 to £1050 pw
598,Holiday lets plus heated pool near Saumur - LL001291_A,"Bedrooms 2, Sleeps 4, Ratings 4 10/10",€630 to €1080 pw
599,Holiday cottage in quiet rural Loire Valley - VE004803,"Bedrooms 2, Sleeps 5, Ratings 2 10/10",£375 pw
600,Holiday gite for rental in Brittany - BN000450_A,"Bedrooms 4, Sleeps 7",£590 pw
601,Le Lierre holiday gite for rental in Brittany - BI002570_B,"Bedrooms 2, Sleeps 7",€580 to €1090 pw
602,"Gite sleeping 6 to let in Loize, Deux Sevres - PS007549","Bedrooms 3, Sleeps 6",£450 to £550 pw
603,Holiday gite with private pool in Aveyron - MV006627,"Bedrooms 4, Sleeps 8, Ratings 2 9.9/10",£750 to £1500 pw
604,Holiday cottage to let near Rocamadour - ML006865,"Bedrooms 3, Sleeps 5, Ratings 1 10/10",£380 to £980 pw
605,Holiday cottage in Rural Nord Pas de Calais - DP007196,"Bedrooms 3, Sleeps 6",£434 to £784 pw
606,Holiday cottage rental/pool Josselin Brittany - BM002231,"Bedrooms 3, Sleeps 6, Ratings 1 8.8/10",£395 to £695 pw
607,Restored farmhouse for holiday let Brittany - BN003102,"Bedrooms 5, Sleeps 10",£425 to £800 pw
608,"Characterful holiday gite & pool, Aquitaine - AT007406","Bedrooms 3, Sleeps 6",£800 to £1400 pw
609,Holiday gite on the Brittany/Normandy border - BI007244,"Bedrooms 3, Sleeps 5, Ratings 1 10/10",€980 to €1365 pw
610,House with pool to let near Toulouse sleeps 4 - MT006036,"Bedrooms 2, Sleeps 4",£910 to £1100 pw
611,One of 4 gites for holiday let Vendee - LV003559_A,"Bedrooms 5, Sleeps 11, Ratings 2 10/10",£950 to £2150 pw
612,Holiday cottage on the Ile the d'Arz Brittany - BM007170,"Bedrooms 1, Sleeps 5",£592 to £1087 pw
613,"La Grange, one of 2 gites, Charente Maritime - PM003662_A","Bedrooms 6, Sleeps 12",£650 to £1700 pw
614,Spacious luxury gite let nr to Vendee beaches - LV004472_C,"Bedrooms 3, Sleeps 8",£975 to £1400 pw
615,"Holiday let for 2 with pool, rural Aquitaine - AD005080","Bedrooms 1, Sleeps 2, Ratings 18 9.9/10",£700 to £850 pw
616,Holiday cottage near beaches in Brittany - BI002625,"Bedrooms 4, Sleeps 10, Ratings 3 9.4/10",£1000 pw
617,Holiday Gites to let Brittany/Normandy border - BI006216,"Bedrooms 6, Sleeps 15",£850 to £2450 pw
618,Lovely house with shared pool in Charente - PC006781,"Bedrooms 2, Sleeps 5",£834 to £956 pw
619,Holiday gite rental in Vendee village - LV001977_B,"Bedrooms 4, Sleeps 13",£320 to £650 pw
620,Traditional house to let in rural Normandy - NO006819,"Bedrooms 2, Sleeps 4, Ratings 1 10/10",£504 pw
621,"Holiday rental, quiet setting Benodet 6km - BF000361_A","Bedrooms 7, Sleeps 14, Ratings 10 9.3/10",£375 to £595 pw
622,Family gite to let on complex nr La Rochelle - PM005763,"Bedrooms 2, Sleeps 5",£300 to £900 pw
623,Gite for holiday let Tarn et Garonne - MN003338,"Bedrooms 4, Sleeps 10, Ratings 1 4.8/10",£350 to £750 pw
624,Rural Cottage in Normandy Manche - NM003449,"Bedrooms 2, Sleeps 5, Ratings 3 8.7/10",£350 to £490 pw
625,La Pressoire holiday let near Baud Brittany - BM001973_A,"Bedrooms 5, Sleeps 10, Ratings 5 9.2/10",£1395 pw
626,"Cottage to let in Brittany, Quistinic 5km - BM003431_B","Bedrooms 1, Sleeps 2, Ratings 22 9.7/10",£300 to £450 pw
627,Converted barn with private heated pool - PC003567,"Bedrooms 5, Sleeps 10, Ratings 4 9.1/10",£1180 to £2520 pw
628,Luxury gite with 3 fishing lakes in Mayenne - LM004583,"Bedrooms 3, Sleeps 6, Ratings 10 10/10",£994 to £1284 pw
629,Seaside family gite rental 10km Bayeux - NC003265,"Bedrooms 3, Sleeps 6, Ratings 1 9.2/10",€895 to €1595 pw
630,"Farmhouse to let on rural complex, Dordogne - AD007296","Bedrooms 3, Sleeps 7",£400 to £1550 pw
631,Beautiful Country Home near La Roche-Bernard - BM003420,"Bedrooms 2, Sleeps 5, Ratings 3 8.8/10",£275 to £495 pw
632,Holiday cottage in Limousin - UH006491,"Bedrooms 3, Sleeps 6",£325 to £600 pw
633,Holiday gite with pool in rural Dordogne - AD006864,"Bedrooms 3, Sleeps 6, Ratings 4 10/10",£1375 to £2950 pw
634,"Holiday gite with shared pool, Aquitaine - AD007263","Bedrooms 2, Sleeps 5",£650 to £985 pw
635,Holiday gite with pool near the Tarn border - MV005827,"Bedrooms 3, Sleeps 6, Ratings 8 9.9/10",£565 to £895 pw
636,"Pretty holiday gite & shared pool, Aquitaine - AT007388","Bedrooms 2, Sleeps 4",£695 to £950 pw
637,Self catering holiday let 15km Montmorillon - PV003533,"Bedrooms 2, Sleeps 4, Ratings 10 10/10",£465 to £650 pw
638,Holiday let with pool in rural Western Loire - LL005072_B,"Bedrooms 3, Sleeps 7, Ratings 2 10/10",€795 to €975 pw
639,Holiday let for 2 in rural Mayenne - LM004798,"Bedrooms 1, Sleeps 2, Ratings 9 9.6/10",£320 pw
640,Stone house for rental in Mayenne - LM003932,"Bedrooms 5, Sleeps 12, Ratings 3 7.5/10",£800 to £1950 pw
641,"Holiday gite in Brittany, shared pool - BI003636_A","Bedrooms 2, Sleeps 5, Ratings 4 9.9/10",£300 to £400 pw
642,Self catering farmhouse Brittany - BN003370,"Bedrooms 3, Sleeps 7, Ratings 22 9.7/10",£431 to £536 pw
643,"Gite + pool to let, amazing views, Aquitaine - AT004830","Bedrooms 4, Sleeps 9",£800 to £1450 pw
644,"Cottage to let with pool and views, Aquitaine - AP007392","Bedrooms 2, Sleeps 4",£385 to £980 pw
645,Cosy Holiday Gite to let nr Combourg Brittany - BI005973_A,"Bedrooms 2, Sleeps 4",€650 to €880 pw
646,Holiday cottages/apartments to let nr Benodet - BF000236_F,"Bedrooms 2, Sleeps 4",€510 to €920 pw
647,Coastal manor house to let in Locquirec - BF007620,"Bedrooms 3, Sleeps 5, Ratings 2 9.4/10",£1300 pw
648,"Holiday cottage with private pool, Languedoc - RG007257","Bedrooms 2, Sleeps 4",£952 to £1260 pw
649,Romantic holiday let for 2 in Aquitaine - AT006263,"Bedrooms 1, Sleeps 2",£500 to £600 pw
650,Cottage to let in Brittany - BF004487,"Bedrooms 2, Sleeps 4, Ratings 13 9.8/10",£180 to £290 pw
651,Holiday gite in rural Dordogne with pool - AD005864_A,"Bedrooms 2, Sleeps 4, Ratings 1 10/10",€815 to €1235 pw
652,Beautiful Gite to Let in Migron - PM003681_B,"Bedrooms 2, Sleeps 5, Ratings 1 9.7/10",£295 to £775 pw
653,Holiday property to let in Languedoc - RG004321,"Bedrooms 2, Sleeps 5, Ratings 2 8.8/10",£500 to £1400 pw
654,"Holiday barn to let nr Rostrenen, Brittany - BN002868","Bedrooms 4, Sleeps 6",£300 to £480 pw
655,Large holiday cottage in rural Aquitaine - AT005038_A,"Bedrooms 3, Sleeps 8",€995 to €1995 pw
656,Holiday cottage & pool Brittany - BF000872_C,"Bedrooms 3, Sleeps 7",£419 to £875 pw
657,Converted barn with private heated pool - PC003567,"Bedrooms 5, Sleeps 10, Ratings 4 9.1/10",£1180 to £2520 pw
658,3 Lovely holiday cottages 1 hr from Cherbourg - NM002654_C,"Bedrooms 4, Sleeps 8, Ratings 1 10/10",£385 to £745 pw
659,"Lovely disabled-friendly gite to let, Vienne - PV006790","Bedrooms 5, Sleeps 10",£560 to £735 pw
660,Beautiful gite to let with a pool in Vienne - PV007677_B,"Bedrooms 2, Sleeps 4",£450 to £650 pw
661,Holiday cottage + swimming pool in Dordogne - AD004294,"Bedrooms 5, Sleeps 13",£1100 to £1425 pw
662,"Luxury 4*house, heated pool Charente Maritime - PM005082_A","Bedrooms 3, Sleeps 6, Ratings 3 10/10",£1150 to £1795 pw
663,Open plan gite to let in Charente Maritime - PM006648_A,"Bedrooms 3, Sleeps 6",£330 to £1195 pw
664,Beautiful stone house in Charente Maritime - PM006532,"Bedrooms 4, Sleeps 9, Ratings 3 9.9/10",£900 to £1650 pw
665,Holiday cottage to rent near Carhaix-Plouguer - BN002685,"Bedrooms 3, Sleeps 6, Ratings 2 9.8/10",£275 to £380 pw
666,Converted barn holiday let Maine et Loire - LL004127_B,"Bedrooms 2, Sleeps 4, Ratings 11 9.9/10",£380 to £455 pw
667,Converted barn & pool holiday let Dordogne - AD004212,"Bedrooms 3, Sleeps 7, Ratings 1 10/10",£775 to £1400 pw
668,Lovely family gite on complex in the Aude - RA006772,"Bedrooms 3, Sleeps 6",£820 to £1125 pw
669,"Family friendly gite to let with pool, Brux - PV007709","Bedrooms 2, Sleeps 4",£475 to £825 pw
670,"Holiday rental, sandy beach 120m, Brittany - BM007364_C","Bedrooms 4, Sleeps 8",£880 to £1380 pw
671,Luxury holiday let near St Sauveur le Vicomt - NM001949_A,"Bedrooms 2, Sleeps 5, Ratings 6 9.6/10",£550 to £1000 pw
672,Self catering holiday let 5km Thiviers - AD003390,"Bedrooms 3, Sleeps 6, Ratings 4 9.8/10",£750 to £1350 pw
673,Lovely Cottages To Let In Normandy - NM007227_A,"Bedrooms 6, Sleeps 10",€525 to €1120 pw
674,Holiday cottage to let in rural Normandy - NM004628,"Bedrooms 2, Sleeps 4, Ratings 13 10/10",£445 to £495 pw
675,Rural bungalow with pool to let in Normandy - NM006552,"Bedrooms 2, Sleeps 4, Ratings 2 10/10",£743 to £856 pw
676,Village house with pool to let near Bergerac - AD002206,"Bedrooms 4, Sleeps 8, Ratings 9 9.5/10",£695 to £1280 pw
677,"Holiday gite for 8 & pool, Chavenat, Charente - PC007200","Bedrooms 3, Sleeps 8",£530 to £1260 pw
678,Holiday cottage for let in Brittany - BM007369,"Bedrooms 3, Sleeps 6",£480 to £1005 pw
679,"Holiday cottage in Brittany, beaches 30 mins - BM003914","Bedrooms 2, Sleeps 8, Ratings 2 9.8/10",£490 to £595 pw
680,Holiday Cottage - Ideal for Fishing! Mayenne - LM003930,"Bedrooms 2, Sleeps 4, Ratings 6 9/10",£500 to £550 pw
681,Gite for holiday rental in Brittany - BM003601,"Bedrooms 2, Sleeps 4, Ratings 1 9.3/10",£350 to £595 pw
682,Cottage with private heated pool in Brittany - BI005272,"Bedrooms 3, Sleeps 8, Ratings 9 9.7/10",£650 to £1100 pw
683,Quiet gite in rural location in Serigny - PV004804,"Bedrooms 2, Sleeps 4, Ratings 2 7.9/10",£600 pw
684,"Holiday cottage, private pool by River Lot - AT006481","Bedrooms 2, Sleeps 4",£455 to £750 pw
685,Spacious stone farmhouse with heated pool - AT004880,"Bedrooms 4, Sleeps 6, Ratings 6 9.9/10",£975 to £1400 pw
686,Lovely gite close to the coast in La Rochelle - PM006495,"Bedrooms 4, Sleeps 8, Ratings 1 9.2/10",£950 to £1050 pw
687,"Family gite with pool, Charente Maritime - PM005793_B","Bedrooms 6, Sleeps 13, Ratings 2 8.8/10",£600 to £1350 pw
688,"Lovely farmhouse & private heated pool, Pons - PM005578","Bedrooms 2, Sleeps 4, Ratings 9 9.8/10",£795 to £925 pw
689,Spacious holiday villa in rural Aquitaine - AL006750,"Bedrooms 5, Sleeps 15",£2500 to £3000 pw
690,Gite to let in rural Normandy - NM004660,"Bedrooms 2, Sleeps 4, Ratings 11 9.8/10",£434 to £534 pw
691,Holiday Gite with private pool in Vendee - LV006067,"Bedrooms 2, Sleeps 4, Ratings 1 10/10",£450 to £950 pw
692,Cottage rental for holidays nr Portbail - NM002439,"Bedrooms 2, Sleeps 4",£650 pw
693,Lovely gite to let on complex in Charente - PC005939,"Bedrooms 2, Sleeps 5",£350 to £924 pw
694,Large luxury villa heated pool near Saumur - VI004584,"Bedrooms 4, Sleeps 9, Ratings 10 9.9/10",£1000 to £2400 pw
695,"Holiday let with shared pool, rural Normandy - NC005111","Bedrooms 1, Sleeps 2, Ratings 11 10/10",£509 to £559 pw
696,Holiday cottage to let near Rocamadour - ML006865,"Bedrooms 3, Sleeps 5, Ratings 1 10/10",£380 to £980 pw
697,Converted watermill to let near Toulouse - MO007025,"Bedrooms 4, Sleeps 9",£850 to £1875 pw
698,Holiday cottage and pool to rent Brittany - BM002351_E,"Bedrooms 12, Sleeps 24, Ratings 1 10/10",£400 to £1550 pw
699,"Cottage to let with private pool, Aquitaine - AT004382","Bedrooms 2, Sleeps 5, Ratings 1 10/10",£750 to £1525 pw
700,"Cosy holiday gite with pool, near Cahors - MN006083","Bedrooms 2, Sleeps 4",£490 to £1065 pw
701,Property for holiday rental in Midi Pyrenees - MA004120,"Bedrooms 2, Sleeps 7",£550 to £850 pw
702,Holiday cottage in Brittany with shared pool - BM006793,"Bedrooms 3, Sleeps 8",£410 to £810 pw
703,Character gite rental in Limousin near Bellac - UH004191,"Bedrooms 3, Sleeps 6, Ratings 1 9.7/10",£575 to £925 pw
704,"Holiday home & private heated pool, Brittany - BM002773","Bedrooms 4, Sleeps 8, Ratings 40 9.9/10",£650 to £1450 pw
705,Holiday Farmhouse with big garden in Vendee - LV006612,"Bedrooms 3, Sleeps 8, Ratings 3 9.9/10",£450 to £1400 pw
706,"Holiday gite, shared pool, Ploerdut, Brittany - BM007121_A","Bedrooms 7, Sleeps 14",£280 to £890 pw
707,Traditional holiday cottage to let nr Manche - NM004001,"Bedrooms 2, Sleeps 5, Ratings 4 9.6/10",£350 to £500 pw
708,Holiday gite in Limousin - UH005788,"Bedrooms 4, Sleeps 8",£945 to £1365 pw
709,"Gite with pool and fishing lake, Charente - PC005441","Bedrooms 2, Sleeps 4, Ratings 1 10/10",£1000 pw
710,Dog friendly gite to let in Western Loire - LA007315,"Bedrooms 4, Sleeps 8",£1250 pw
711,"Stunning gite to let, private pool, Aquitaine - AP007494","Bedrooms 2, Sleeps 4",£450 to £690 pw
712,Family farmhouse to let in Deux Sevres - PS006211,"Bedrooms 2, Sleeps 4, Ratings 2 9.3/10",£375 to £699 pw
713,"Large Converted Barn for 10, to let nr Saumur - PV007250","Bedrooms 4, Sleeps 10",£965 to £1900 pw
714,Holiday cottage and pool to rent Brittany - BM002351_D,"Bedrooms 3, Sleeps 6, Ratings 3 10/10",£510 to £1430 pw
715,Cottage with shared pool in Morbihan - BM005283_A,"Bedrooms 6, Sleeps 12",£355 to £985 pw
716,Family friendly gite for holidays near Civray - PV004809,"Bedrooms 4, Sleeps 10, Ratings 4 10/10",£649 to £1799 pw
717,Holiday gite for 6 with pool near Riberac - AD006496_B,"Bedrooms 3, Sleeps 6",£600 to £950 pw
718,Cottage to let nr to the coast in Brittany - BF007082,"Bedrooms 2, Sleeps 4, Ratings 2 10/10",£450 to £650 pw
719,Lovely cottage to let in Charente - PC006301,"Bedrooms 2, Sleeps 4",£360 pw
720,Holiday cottage rental/pool Josselin Brittany - BM002231,"Bedrooms 3, Sleeps 6, Ratings 1 8.8/10",£395 to £695 pw
721,Vendee farmhouse for holiday rental - LV000815,"Bedrooms 3, Sleeps 7, Ratings 15 9.6/10",£425 to £650 pw
722,Rural Gite with pool to let in Mayenne region - LM005749,"Bedrooms 2, Sleeps 6",£475 to £790 pw
723,"Family holiday home to let, Erquy - BN002976","Bedrooms 3, Sleeps 7, Ratings 2 10/10",£525 pw
724,Luxury gite with shared pool to let nr Cognac - PM005505,"Bedrooms 2, Sleeps 4",£540 to £865 pw
725,Holiday let with shared pool in rural Vendée - LV005303,"Bedrooms 3, Sleeps 7",£520 to £1190 pw
726,"Farmhouse, all year heated pool, Deux Sevres - PS006715","Bedrooms 3, Sleeps 6, Ratings 2 10/10",£700 to £1250 pw
727,"Driftwood, holiday cottage to let in Brittany - BF003359_B","Bedrooms 4, Sleeps 9, Ratings 8 8.8/10",£495 to £650 pw
728,Holiday gite with pool and hot tub nr Sarlat - AD006925,"Bedrooms 2, Sleeps 5, Ratings 1 10/10",£395 to £800 pw
729,Beautiful 16thC barn to let in Aquitaine - AD007135,"Bedrooms 2, Sleeps 4",£650 to £700 pw
730,Holiday gite with pool in Vendee - LV004719,"Bedrooms 2, Sleeps 6",£600 to £900 pw
731,"Luxury farmhouse and pool to let, Normandy - NM006457","Bedrooms 5, Sleeps 14, Ratings 8 9.8/10",£850 to £3395 pw
732,Holiday let with pool in rural Western Loire - LL005072_D,"Bedrooms 4, Sleeps 9, Ratings 2 10/10",€975 to €1350 pw
733,Holiday gite with pool near Bergerac - AT006569,"Bedrooms 2, Sleeps 4, Ratings 1 10/10",£600 to £800 pw
734,Holiday gite with pool in Dordogne - AD004726,"Bedrooms 6, Sleeps 11, Ratings 2 10/10",£1700 to £2900 pw
735,Self catering holiday cottage in Brittany - BI003960_B,"Bedrooms 1, Sleeps 3",£375 to £400 pw
736,Lovely holiday cottage in rural Normandy - NM004523,"Bedrooms 4, Sleeps 7, Ratings 7 9.8/10",£449 to £699 pw
737,Gite for holiday rental shared pool nr Matha - PM002983_B,"Bedrooms 2, Sleeps 5",£400 to £905 pw
738,Terrace apartment with garden views in Aude - RA006795,"Bedrooms 2, Sleeps 4",£476 to £1329 pw
739,Holiday farmhouse - walk to St Jean de Cole - AD004519,"Bedrooms 2, Sleeps 4, Ratings 8 9.8/10",£525 to £730 pw
740,Holiday cottage with pool in Normandy village - NM005349,"Bedrooms 3, Sleeps 5, Ratings 3 9.8/10",£500 to £875 pw
741,Lovely gite to let on complex in Charente - PC005939,"Bedrooms 2, Sleeps 5",£350 to £924 pw
742,"Gite nr beach with shared heated pool, Vendee - LV006407","Bedrooms 2, Sleeps 4",£520 to £910 pw
743,Beautiful gite to let with pool in Consac - PM007358,"Bedrooms 3, Sleeps 6, Ratings 1 10/10",£900 to £1500 pw
744,Cosy original farmhouse to let in Dordogne - AD004371,"Bedrooms 1, Sleeps 3, Ratings 6 10/10",£600 to £675 pw
745,Vacation house to let in Brittany village - BM002460,"Bedrooms 2, Sleeps 5, Ratings 2 9.3/10",£225 to £325 pw
746,Holiday cottage near beaches in Brittany - BN007110,"Bedrooms 3, Sleeps 7, Ratings 3 9.9/10",£555 to £925 pw
747,"Pretty holiday cottage rental, Brittany - BM001294_D","Bedrooms 2, Sleeps 5",£325 to £525 pw
748,Breton cottage to rent in rural Brittany - BM003530,"Bedrooms 1, Sleeps 2, Ratings 30 9.9/10",£360 to £440 pw
749,"Cottage with pool to let nr Le Mans, Loire - LS006939","Bedrooms 3, Sleeps 6",£575 to £1200 pw
750,"Cosy gite to let with shared pool, Aquitaine - AD007182","Bedrooms 1, Sleeps 2",£595 to £945 pw
751,Holiday cottage to rent near Tinchebray - NO000599,"Bedrooms 3, Sleeps 6, Ratings 10 9.8/10",£399 to £546 pw
752,Charming holiday cottage to let on Ile de Re - PM006898,"Bedrooms 1, Sleeps 4",£780 to £1400 pw
753,Large house with pool to let in Dordogne - AD007593,"Bedrooms 5, Sleeps 11",£3545 to £3975 pw
754,Holiday gite for let in Brittany - BM005177_C,"Bedrooms 3, Sleeps 6, Ratings 8 9.8/10",£500 to £1000 pw
755,Riverside house with pool to let St Savinien - PM007337,"Bedrooms 7, Sleeps 14",£2750 to £3450 pw
756,Holiday gite with a pool in the Vendee - LV007339,"Bedrooms 2, Sleeps 4",£835 pw
757,"Pretty Holiday Barn Conversion & pool, Cersay - PS007241","Bedrooms 2, Sleeps 5",£595 to £750 pw
758,Holiday cottage in Brittany with shared pool - BM006792,"Bedrooms 2, Sleeps 5",£340 to £540 pw
759,"Farmhouse to let with private pool, Dordogne - AD007676","Bedrooms 4, Sleeps 9",£1610 pw
760,Holiday gite in Normandy near St Mere Eglise - NM006337,"Bedrooms 1, Sleeps 4, Ratings 2 10/10",£365 to £450 pw
761,3 Renovated gite with private pool in Aveyron - MV005699,"Bedrooms 7, Sleeps 17",£3890 pw
762,Family gite with pool for holidays in Brossac - PC004917,"Bedrooms 3, Sleeps 10",£582 to £1400 pw
763,Renovated barn on family run farm near Ruffec - PC004849,"Bedrooms 2, Sleeps 5, Ratings 4 10/10",£175 to £730 pw
764,Holiday let close to Vendee beaches - LV005563,"Bedrooms 2, Sleeps 5",£380 to £1100 pw
765,"Luxury large Gite, heated indoor pool, Loire - LA005906","Bedrooms 5, Sleeps 10",£1695 pw
766,"Pretty stone cottage, private pool, in Vendee - LV007139","Bedrooms 2, Sleeps 4, Ratings 1 10/10",£360 to £825 pw
767,"Lovely gite with heated pool, Secondigny - PS005517","Bedrooms 3, Sleeps 4",£800 pw
768,"Rustic gite with pool to let, Charente - PC004237","Bedrooms 2, Sleeps 4, Ratings 2 9.6/10",£395 to £895 pw
769,"Holiday Cottage for 2 to let Locarn, Brittany - BN006373","Bedrooms 1, Sleeps 2, Ratings 1 10/10",£434 pw
770,"Lovely barn for family holidays, Deux Sevres - PS005596","Bedrooms 4, Sleeps 8",£1050 to £1505 pw
771,Charming cottage to let in Cotes d'Armor - BN007672,"Bedrooms 2, Sleeps 4, Ratings 24 9.8/10",£400 to £625 pw
772,Cottage for holiday let Charente Maritime - PM003419,"Bedrooms 4, Sleeps 8, Ratings 1 10/10",£686 to £1680 pw
773,Holiday gite with pool in rural Dordogne - AD006864,"Bedrooms 3, Sleeps 6, Ratings 4 10/10",£1375 to £2950 pw
774,Holiday gite to let with pool near Toulouse - MA006107,"Bedrooms 2, Sleeps 6",£730 to £860 pw
775,Gite for holiday rental in Brittany - BM003605,"Bedrooms 3, Sleeps 7, Ratings 3 9.1/10",£400 to £695 pw
776,"Large holiday let with pool, rural Aquitaine - AL005098","Bedrooms 4, Sleeps 8",€895 to €1525 pw
777,Lovely farmhouse with a pool to let in Matha - PM007654,"Bedrooms 4, Sleeps 8",£1100 to £2000 pw
778,Charentais holiday rental near Royan - PM001992,"Bedrooms 3, Sleeps 7, Ratings 2 8.8/10",£410 to £720 pw
779,"Beautiful Barn for holiday rental, Brittany - BM001294_C","Bedrooms 11, Sleeps 25",£325 to £995 pw
780,Gite to let for groups/families near Agen - MN006138,"Bedrooms 6, Sleeps 18",£2200 to £2600 pw
781,Holiday cottage in Brittany - BM007112,"Bedrooms 2, Sleeps 6, Ratings 1 10/10",£534 to £684 pw
782,Charming barn conversion to let in Aquitaine - AT005807,"Bedrooms 2, Sleeps 4, Ratings 1 10/10",£534 to £884 pw
783,"Holiday property with private pool, Limousin - UH005389","Bedrooms 6, Sleeps 13, Ratings 1 9/10",£1950 to £2650 pw
784,"Farmhouse to let on rural complex, Dordogne - AD007296","Bedrooms 3, Sleeps 7",£400 to £1550 pw
785,Open plan loft to let for holidays in Mons - PC005659,"Bedrooms 2, Sleeps 2",£735 to £1085 pw
786,"Holiday gite, shared pool on complex, Brux - PV007702","Bedrooms 2, Sleeps 6",£525 to £875 pw
787,Gite for rental in Limousin - US004405,"Bedrooms 2, Sleeps 3, Ratings 1 10/10",£325 to £375 pw
788,Self catering holiday rental Limousin - UH003318,"Bedrooms 3, Sleeps 6, Ratings 1 8.3/10",£460 to £620 pw
789,"Family friendly gite on complex, Deux Sevres - PS006117","Bedrooms 2, Sleeps 6",£800 pw
790,Barn Conversion with Pool near Marennes - PM004424,"Bedrooms 5, Sleeps 7",£756 to £2240 pw
791,Cottage to let in Brittany - BF004487,"Bedrooms 2, Sleeps 4, Ratings 13 9.8/10",£180 to £290 pw
792,"Character barn for rent, Brittany - BN004135","Bedrooms 3, Sleeps 7, Ratings 2 10/10",£490 to £980 pw
793,Holiday Gite to let in Plestin les Greves - BN000432_F,"Bedrooms 3, Sleeps 8",£1000 pw
794,16thC character Poitou home with private pool - PS003088,"Bedrooms 3, Sleeps 6",£950 to £1490 pw
795,A Holiday cottage to rent Jugon les Lacs - BN002318,"Bedrooms 3, Sleeps 6",£500 to £775 pw
796,Gite for rental in Western Loire - LS004062,"Bedrooms 1, Sleeps 4",£595 pw
797,Large garden studio apartment to let in Aude - RA006798,"Bedrooms 1, Sleeps 2, Ratings 1 10/10",£362 to £905 pw
798, - LM006760_B,"Bedrooms 1, Sleeps 3",€490 to €1015 pw
799,Large holiday let in rural Maine et Loire - LL005075,"Bedrooms 4, Sleeps 8, Ratings 4 9.8/10",£1400 to £2400 pw
800,Holiday accommodation to rent near Rostrenen - BN002431,"Bedrooms 4, Sleeps 8, Ratings 18 9.6/10",£219 to £501 pw
801,"Le Trou Normand, Gite for holiday rental Orne - NO002993_B","Bedrooms 3, Sleeps 7, Ratings 5 9.8/10",£275 to £695 pw
802,"Pretty stone holiday cottage, pool, Aquitaine - AD007470","Bedrooms 2, Sleeps 4",£495 to £870 pw
803,Gite to let for holidays in rural Brittany - BN005190,"Bedrooms 2, Sleeps 4, Ratings 1 9.3/10",£380 to £500 pw
804,Tranquil rural holiday gite for 4 in Normandy - NM004011,"Bedrooms 2, Sleeps 4, Ratings 10 10/10",£320 to £560 pw
805,"Holiday gite, pool & golf course, Aquitaine - AT007587","Bedrooms 3, Sleeps 6",£1000 to £1800 pw
806,Lovely gite to let with a pool in Boutenac - PM007701,"Bedrooms 1, Sleeps 2",£475 to £695 pw
807,Spacious holiday home to let in Charente - PC006408,"Bedrooms 2, Sleeps 4, Ratings 1 10/10",£750 to £1400 pw
808,"Large holiday cottage with pool, Dordogne - AD004314","Bedrooms 4, Sleeps 10",£920 to £1800 pw
809,"Gite to let with pool and lake, Aquitaine - AD007413","Bedrooms 2, Sleeps 5",£250 to £1200 pw
810,Gite to let Grandcamp-Maisy nr D-Day Beaches - NC006156,"Bedrooms 3, Sleeps 5, Ratings 5 9.9/10",€550 to €850 pw
811,Beautiful Cottage to rent in the Loire Valley - LS005681,"Bedrooms 2, Sleeps 4, Ratings 7 9.8/10",£550 pw
812,Holiday gites with pool for rental Dordogne - AD000161_K,"Bedrooms 2, Sleeps 5",£420 to £940 pw
813,Holiday accommodation to rent in Bannalec - BF001457_B,"Bedrooms 1, Sleeps 2",£265 to £380 pw
814,"Holiday rental, quiet setting Benodet 6km - BF000361_A","Bedrooms 7, Sleeps 14, Ratings 10 9.3/10",£375 to £595 pw
815,Le Lierre holiday gite for rental in Brittany - BI002570_B,"Bedrooms 2, Sleeps 7",€580 to €1090 pw
816,"Pretty holiday cottage rental, Brittany - BM001294_A","Bedrooms 2, Sleeps 4",£325 to £525 pw
817,Large holiday let with pool in rural Dordogne - AD005061,"Bedrooms 4, Sleeps 8, Ratings 3 10/10",£700 to £1400 pw
818,"Holiday gite complex, shared pool, Brittany - BN006697_D","Bedrooms 3, Sleeps 5",£365 to £600 pw
819,Farmhouse/gites/B&B rental Plestin Les Greves - BN006756,"Bedrooms 2, Sleeps 6",£740 pw
820,Lovely cottage for a perfect Brittany holiday - BM004777,"Bedrooms 3, Sleeps 6, Ratings 2 10/10",£750 to £1500 pw
821,Large garden studio apartment to let in Aude - RA006798,"Bedrooms 1, Sleeps 2, Ratings 1 10/10",£362 to £905 pw
822,Stunning barn conversion to let in Charente - PC006609,"Bedrooms 1, Sleeps 2, Ratings 1 9.8/10",£450 to £600 pw
823,Cosy original farmhouse to let in Dordogne - AD004371,"Bedrooms 1, Sleeps 3, Ratings 6 10/10",£600 to £675 pw
824,Gite with pool to let in rural Dordogne - AD005979,"Bedrooms 3, Sleeps 8",£665 to £1610 pw
825,Cottage for holiday let Charente Maritime - PM003454,"Bedrooms 3, Sleeps 6, Ratings 1 6.3/10",£616 to £1365 pw
826,Holiday country house in Gascony - MG006981,"Bedrooms 3, Sleeps 7",£598 pw
827,Holiday rental & pool nr St Jean-d'Angély - PM000398_A,"Bedrooms 2, Sleeps 5",£700 to £950 pw
828,"Holiday gite, pool & golf course, Aquitaine - AT007587","Bedrooms 3, Sleeps 6",£1000 to £1800 pw
829,One of 4 gites for holiday let Vendee - LV003559_A,"Bedrooms 5, Sleeps 11, Ratings 2 10/10",£950 to £2150 pw
830,Holiday gite to rent near Benodet 6km - BF000361_B,"Bedrooms 2, Sleeps 4, Ratings 2 9.2/10",£375 to £575 pw
831,"Holiday let in rural Aquitaine, lovely views! - AD005496","Bedrooms 3, Sleeps 6",£510 to £1100 pw
832,Large holiday cottage with pool near Agen - MN005206,"Bedrooms 5, Sleeps 10",£725 to £1750 pw
833,Family gite accommodation nr St Jean-d'Angély - PM002197_E,"Bedrooms 3, Sleeps 6",£445 to £975 pw
834,Unique holiday gite in the Dordogne - AD006178,"Bedrooms 3, Sleeps 6",£445 to £1080 pw
835,"La Grange, one of 2 gites, Charente Maritime - PM003662_A","Bedrooms 6, Sleeps 12",£650 to £1700 pw
836,Holiday cottage to rent nr Lac de Guerledan - BN002323,"Bedrooms 2, Sleeps 5, Ratings 2 8.4/10",£384 to £609 pw
837,"Characterful holiday gite & pool, Aquitaine - AT007406","Bedrooms 3, Sleeps 6",£800 to £1400 pw
838,Holiday let in Maine et Loire with large pool - LL004530,"Bedrooms 3, Sleeps 6, Ratings 2 10/10",£700 to £1550 pw
839,Self catering holiday let 15km Montmorillon - PV003533,"Bedrooms 2, Sleeps 4, Ratings 10 10/10",£465 to £650 pw
840,"Gite to let for 2 in Port Launay, Brittany - BF006384","Bedrooms 1, Sleeps 2, Ratings 7 9.5/10",€500 to €560 pw
841,"Holiday gite, shared pool, Ploerdut, Brittany - BM007121_A","Bedrooms 7, Sleeps 14",£280 to £890 pw
842,"Lovely home and private pool, Charente - PC005983","Bedrooms 3, Sleeps 6, Ratings 7 9.9/10",£970 to £1500 pw
843,"Pair of gites to let, private pool, Aquitaine - AT007421","Bedrooms 4, Sleeps 8",£1275 to £2115 pw
844,Holiday rental 2.5 km beach Biarritz - AP003588,"Bedrooms 2, Sleeps 4, Ratings 2 9.8/10",£497 to £995 pw
845,Cottage for holiday let Charente Maritime - PM003417,"Bedrooms 2, Sleeps 4, Ratings 2 10/10",£546 to £1204 pw
846,Holiday let with heated pool in rural Vendée - LV005033,"Bedrooms 2, Sleeps 4",£400 to £750 pw
847,Beautiful self catering gite in Calvados - NC003528,"Bedrooms 3, Sleeps 5, Ratings 2 9.9/10",£1204 pw
848,"Family friendly gite on complex, Deux Sevres - PS006116","Bedrooms 2, Sleeps 6",£800 pw
849,Holiday cottage in Brittany - BI007539,"Bedrooms 2, Sleeps 6",£634 to £684 pw
850,"Holiday gite in manor grounds, Brittany - BI007433","Bedrooms 1, Sleeps 2",£630 pw
851,"La Grange, one of 2 gites, Charente Maritime - PM003662_A","Bedrooms 4, Sleeps 8",£900 to £1700 pw
852, - PM002983_E,"Bedrooms 2, Sleeps 4",£345 to £835 pw
853,"Apartment to let, private pool, Aquitaine - AT007142","Bedrooms 2, Sleeps 4, Ratings 2 9.4/10",£870 to £1130 pw
854,"Normandy Holiday Cottage Rental, Le Teilleul - NM007714","Bedrooms 4, Sleeps 8",£550 to £850 pw
855,"Lovely cottage to let with pool, Loire Valley - LL007068","Bedrooms 1, Sleeps 2",£399 pw
856,Beautifully renovated 2 bed gite nr Saintes - PM006215,"Bedrooms 2, Sleeps 4, Ratings 3 9.9/10",£375 to £650 pw
857,Holiday gite with pool in Dordogne vineyard - AD005984,"Bedrooms 3, Sleeps 8, Ratings 3 9.9/10",€560 to €1400 pw
858,Gite to rent for Vienne holiday Montmorillon - PV002079_A,"Bedrooms 1, Sleeps 2",£250 to £350 pw
859,Homely holiday cottage in Tarn et Garonne - MN005056,"Bedrooms 2, Sleeps 4, Ratings 1 10/10",£420 to £1190 pw
860,Holiday cottage for rental in Brittany - BI003263,"Bedrooms 2, Sleeps 4, Ratings 4 9.1/10",£425 to £595 pw
861,Holiday cottage in Brittany - BF006562,"Bedrooms 2, Sleeps 4",£380 to £520 pw
862,Renovated gite for holidays in Deux Sevres - PS004984,"Bedrooms 2, Sleeps 4, Ratings 5 9.9/10",£559 to £1009 pw
863,"Lovely gite with garden, Charente Maritime - PM006659","Bedrooms 3, Sleeps 6",£545 to £890 pw
864,Lovely gite to let with a pool in Auvergne - OP007670,"Bedrooms 4, Sleeps 12",£1925 pw
865,"Large Converted Barn for 10, to let nr Saumur - PV007250","Bedrooms 4, Sleeps 10",£965 to £1900 pw
866,Cosy gite to let in rural Normandy Manche - NM005932,"Bedrooms 3, Sleeps 6, Ratings 6 9.8/10",£500 pw
867,"Holiday house to let for 6, Siran Languedoc - RH007552","Bedrooms 3, Sleeps 6",£700 to £850 pw
868,Gite + pool rental Brittany/Normandy border - BI002340_D,"Bedrooms 3, Sleeps 7",€710 to €1800 pw
869,Lovely converted barn with pool in Charente - PC006897,"Bedrooms 5, Sleeps 10",£850 to £1950 pw
870,Holiday cottage with large pool near Matha - PM004717,"Bedrooms 2, Sleeps 4",£225 to £725 pw
871,Cosy Rural Holiday Gite to let in Brittany - BI005973_D,"Bedrooms 2, Sleeps 4",€580 to €790 pw
872,"Holiday Gite to let with shared pool, Vendee - LV006218","Bedrooms 2, Sleeps 4, Ratings 2 10/10",£535 to £715 pw
873,Family friendly holiday let in Vibrac - PM005491,"Bedrooms 2, Sleeps 5",£415 to £960 pw
874,Holiday gites with pool for rental Dordogne - AD000161_C,"Bedrooms 3, Sleeps 6",£450 to £990 pw
875,"Cottage with pool to let nr Le Mans, Loire - LS006939","Bedrooms 3, Sleeps 6",£575 to £1200 pw
876,Beautiful cottage to let in Poitou Charentes - PC003788,"Bedrooms 2, Sleeps 5, Ratings 1 8.3/10",£350 to £550 pw
877,"Beautiful gite to let, private pool, Limousin - UH003861","Bedrooms 3, Sleeps 6, Ratings 5 10/10",£1200 pw
878,Lovely gite with private terrace in Vienne - PV006822,"Bedrooms 2, Sleeps 4, Ratings 1 10/10",£455 to £644 pw
879,"Lovely gite with shared pool to let, Adriers - PV005667","Bedrooms 2, Sleeps 4, Ratings 1 10/10",£525 to £700 pw
880,Studio with private terrace and views in Aude - RA006805,"Bedrooms 1, Sleeps 2",£371 to £810 pw
881,"1 bed gite to let with pool, Dordogne village - AD006721","Bedrooms 1, Sleeps 2, Ratings 1 10/10",£480 to £595 pw
882,"Tranquil Farmhouse to let Plounerin, Brittany - BN006332","Bedrooms 4, Sleeps 8",£650 to £1150 pw
883,"Holiday complex, pool and bar near Lamballe - BN002848_B","Bedrooms 2, Sleeps 4",€1000 to €1850 pw
884,16thC character Poitou home with private pool - PS003088,"Bedrooms 3, Sleeps 6",£950 to £1490 pw
885,Holiday cottage and pool to rent Brittany - BM002351_E,"Bedrooms 12, Sleeps 24, Ratings 1 10/10",£400 to £1550 pw
886,Stylish 4* gite with pool in Lot et Garonne - AL006944,"Bedrooms 2, Sleeps 4, Ratings 3 10/10",£950 to £1300 pw
887,Holiday cottage with pool in Brittany - BM002721_A,"Bedrooms 3, Sleeps 6",£349 to £1599 pw
888,3 Lovely holiday cottages 1 hr from Cherbourg - NM002654_A,"Bedrooms 4, Sleeps 8, Ratings 1 10/10",£435 to £795 pw
889,Gite to let for groups/families near Agen - MN006138,"Bedrooms 6, Sleeps 18",£2200 to £2600 pw
890,"Cottage to let, private lake & pool, Dordogne - AD007251","Bedrooms 3, Sleeps 6, Ratings 3 10/10",£640 to £1050 pw
891,Holiday gite with pool in Dordogne village - AD006794,"Bedrooms 2, Sleeps 4, Ratings 4 10/10",£630 to £1375 pw
892,Holiday let with private pool Peaule Brittany - BM003163,"Bedrooms 4, Sleeps 8, Ratings 9 9.7/10",£675 to £1625 pw
893,Large house with pool to let in Aquitaine - AD007208,"Bedrooms 6, Sleeps 12",£800 to £2000 pw
894,"Stunning sea view house to let, Brittany - BM007321","Bedrooms 4, Sleeps 8",£830 to £1620 pw
895,"Peaceful gite and private pool to let, Vienne - PV005782","Bedrooms 4, Sleeps 8, Ratings 3 9.7/10",£800 to £1300 pw
896,Holiday cottage & pool to let nr Pont-Aven - BF002047_F,"Bedrooms 4, Sleeps 8, Ratings 10 9.8/10",£525 to £1425 pw
897,"Large gite to let with pool, Charente - PC004214","Bedrooms 2, Sleeps 4, Ratings 1 10/10",£395 to £895 pw
898,Holiday Farmhouse with big garden in Vendee - LV006612,"Bedrooms 3, Sleeps 8, Ratings 3 9.9/10",£450 to £1400 pw
899,Holiday cottage near Dinan - BN004691,"Bedrooms 2, Sleeps 4, Ratings 9 9.6/10",£300 to £495 pw
